store,txn_year,txn_week,qty,avg_list_price,avg_price,traffic,avg_markdown,units_per_ticket,seasonality
30104,2016,1,185,66.3516,30.0722,1075,0.5468,1.7961165049,0.691115458
30104,2014,1,339,57.4451,38.0981,2375,0.3368,1.9941176471,0.691115458
30104,2015,1,313,60.4286,36.5944,1888,0.3944,1.8520710059,0.691115458
30104,2014,2,378,52.3052,33.0344,1966,0.3684,1.8900000000,1.198296253
30104,2015,2,457,61.0849,36.8694,2645,0.3964,1.6321428571,1.198296253
30104,2016,2,765,52.8161,22.8955,3887,0.5665,1.8389423077,1.198296253
30104,2014,3,474,53.6636,27.9058,2321,0.4800,1.8230769231,1.172952652
30104,2016,3,421,54.6805,26.5417,2088,0.5146,1.8464912281,1.172952652
30104,2015,3,419,59.9913,32.6416,2115,0.4559,1.7314049587,1.172952652
30104,2015,4,505,53.3719,26.0523,2019,0.5119,2.1041666667,1.082690608
30104,2014,4,488,56.0447,25.1907,1787,0.5505,1.8555133080,1.082690608
30104,2016,4,369,56.0928,26.0353,1840,0.5359,1.8358208955,1.082690608
30104,2015,5,375,55.0919,28.3681,1839,0.4851,1.9329896907,0.992121906
30104,2016,5,333,57.2863,28.1409,1676,0.5088,1.7807486631,0.992121906
30104,2014,5,413,52.9054,25.2262,1566,0.5232,1.8437500000,0.992121906
30104,2015,6,344,58.1525,35.1163,1531,0.3961,1.9111111111,1.037569471
30104,2016,6,368,51.5580,24.8000,1649,0.5190,1.9166666667,1.037569471
30104,2014,6,617,52.9796,22.9330,1909,0.5671,2.0986394558,1.037569471
30104,2014,7,387,51.6788,30.7360,1560,0.4053,1.8878048780,0.978295418
30104,2016,7,396,48.0590,22.9871,1564,0.5217,2.0732984293,0.978295418
30104,2015,7,509,64.8544,26.4302,1725,0.5925,2.0607287449,0.978295418
30104,2015,8,418,64.0135,31.7975,1454,0.5033,1.7863247863,0.860517304
30104,2014,8,269,51.7991,34.1940,959,0.3399,2.0692307692,0.860517304
30104,2016,8,400,52.7879,26.5262,1398,0.4975,1.8779342723,0.860517304
30104,2014,9,233,52.1322,35.9477,1059,0.3105,1.9098360656,0.858515285
30104,2016,9,382,48.2700,28.0697,1668,0.4185,1.9792746114,0.858515285
30104,2015,9,318,60.1700,30.1851,1157,0.4983,1.8068181818,0.858515285
30104,2016,10,320,50.6706,35.2769,1348,0.3038,2.0645161290,0.921853408
30104,2014,10,216,44.7759,35.9475,883,0.1972,2.0970873786,0.921853408
30104,2015,10,325,55.3898,41.5541,1127,0.2498,1.9117647059,0.921853408
30104,2014,11,291,46.4050,37.2298,984,0.1977,2.2734375000,0.914299611
30104,2015,11,302,51.1078,37.7308,1271,0.2617,1.8192771084,0.914299611
30104,2016,11,271,54.0747,35.0698,1238,0.3515,1.8435374150,0.914299611
30104,2016,12,315,52.9421,42.0611,1291,0.2055,2.0588235294,1.006954098
30104,2014,12,231,44.0439,40.5389,1052,0.0796,2.0442477876,1.006954098
30104,2015,12,238,53.3546,46.0919,1335,0.1361,1.9669421488,1.006954098
30104,2016,13,255,50.3824,44.4800,1097,0.1172,2.0564516129,1.098776349
30104,2015,13,353,49.7711,42.7796,1316,0.1405,2.1265060241,1.098776349
30104,2014,13,295,43.3808,37.6296,950,0.1326,2.2519083969,1.098776349
30104,2015,14,287,48.0693,40.7211,1196,0.1529,1.9391891892,1.045208118
30104,2014,14,249,45.7241,40.5502,978,0.1132,2.0409836066,1.045208118
30104,2016,14,237,45.5226,39.7613,1255,0.1266,2.0256410256,1.045208118
30104,2015,15,308,47.7662,40.3292,1325,0.1557,1.9870967742,1.00291022
30104,2014,15,184,42.4011,40.6720,874,0.0408,1.8585858586,1.00291022
30104,2015,16,287,47.6601,40.7151,1299,0.1457,1.8516129032,1.030734627
30104,2014,16,143,47.2129,44.3797,682,0.0600,1.9324324324,1.030734627
30104,2015,17,327,50.4528,41.9243,1637,0.1690,1.9122807018,1.098098208
30104,2014,17,269,46.5223,44.3721,1503,0.0462,1.9214285714,1.098098208
30104,2014,18,255,46.7292,42.7676,1636,0.0848,1.9767441860,1.110103187
30104,2015,18,288,48.8892,44.0134,1455,0.0997,1.9726027397,1.110103187
30104,2014,19,357,43.8831,37.6118,1392,0.1429,2.0284090909,1.180865455
30104,2015,19,248,47.2921,44.4206,1168,0.0607,2.0000000000,1.180865455
30104,2014,20,252,40.4046,36.9091,1128,0.0865,2.0160000000,1.15085179
30104,2015,20,294,44.5005,40.5256,1182,0.0893,2.2790697674,1.15085179
30104,2014,21,279,41.1276,40.2727,1190,0.0208,2.0071942446,1.078349811
30104,2015,21,297,43.8375,37.0343,1143,0.1552,1.9411764706,1.078349811
30104,2015,22,200,45.8123,41.2769,1168,0.0990,1.9230769231,0.987260417
30104,2014,22,263,42.1173,40.6791,1204,0.0341,2.1557377049,0.987260417
30104,2014,23,245,40.4357,38.9704,1108,0.0362,1.8283582090,1.02763666
30104,2015,23,293,42.1493,37.4054,1214,0.1126,2.0347222222,1.02763666
30104,2014,24,295,38.2551,35.7862,1393,0.0645,2.1532846715,1.021081947
30104,2015,24,343,45.8226,37.8649,1473,0.1737,2.0176470588,1.021081947
30104,2015,25,159,49.4723,41.7055,804,0.1570,1.8275862069,0.852581246
30104,2014,25,246,39.9907,32.8548,930,0.1784,1.9838709677,0.852581246
30104,2014,26,354,33.4359,26.5654,1393,0.2055,2.0228571429,0.897299258
30104,2015,26,157,45.6838,37.5222,864,0.1787,1.8255813953,0.897299258
30104,2015,27,447,44.7964,28.8095,2188,0.3569,2.0226244344,1.123229589
30104,2014,27,367,37.9815,27.9586,1900,0.2639,1.8078817734,1.123229589
30104,2015,28,433,44.3741,30.7652,2182,0.3067,2.0139534884,1.22120259
30104,2014,28,457,42.3327,26.9922,2414,0.3624,1.8353413655,1.22120259
30104,2014,29,354,43.1801,27.0097,1704,0.3745,1.7700000000,1.156499615
30104,2015,29,381,44.7550,29.0158,2006,0.3517,1.7720930233,1.156499615
30104,2014,30,506,38.2104,22.1605,1871,0.4200,1.9843137255,1.196716898
30104,2015,30,369,45.8111,25.8988,2168,0.4347,1.7488151659,1.196716898
30104,2015,31,575,44.6099,22.5588,2081,0.4943,2.0833333333,1.258832844
30104,2014,31,545,45.5314,20.2393,1883,0.5555,1.9675090253,1.258832844
30104,2014,32,502,43.0652,18.8805,1349,0.5616,2.1004184100,1.034152523
30104,2015,32,373,46.2310,22.9684,1629,0.5032,1.9030612245,1.034152523
30104,2015,33,347,45.0913,23.7480,1503,0.4733,1.8263157895,0.881245004
30104,2014,33,357,41.9692,21.4167,1292,0.4897,2.0284090909,0.881245004
30104,2014,34,468,43.2809,16.8175,1408,0.6114,2.1666666667,0.936197457
30104,2015,34,363,43.0701,18.6471,1324,0.5671,1.7707317073,0.936197457
30104,2015,35,363,43.2025,22.4382,1254,0.4806,1.9621621622,0.894561498
30104,2014,35,366,39.0337,22.1452,1269,0.4327,2.0333333333,0.894561498
30104,2014,36,384,41.3404,25.0021,1201,0.3952,2.1215469613,0.85711783
30104,2015,36,326,46.7644,26.4870,1203,0.4336,1.9878048780,0.85711783
30104,2014,37,381,38.7378,26.0779,1220,0.3268,2.1647727273,0.926414428
30104,2015,37,337,47.4404,31.9761,1246,0.3260,1.9593023256,0.926414428
30104,2015,38,264,50.2926,42.4844,1132,0.1553,1.8206896552,0.956077789
30104,2014,38,281,43.5073,36.4469,1004,0.1623,2.1127819549,0.956077789
30104,2014,39,237,48.8612,46.8397,900,0.0414,2.1160714286,1.065879157
30104,2015,39,340,53.1763,45.8682,1127,0.1374,2.3448275862,1.065879157
30104,2015,40,288,56.2500,48.7666,1360,0.1330,1.9862068966,1.107093116
30104,2014,40,278,51.5739,47.5053,1128,0.0789,2.0291970803,1.107093116
30104,2015,41,269,53.7019,43.7607,1050,0.1851,2.0692307692,1.067441624
30104,2014,41,301,50.4056,47.1190,1158,0.0652,2.0616438356,1.067441624
30104,2014,42,226,48.2104,46.0215,964,0.0454,2.1121495327,1.025584215
30104,2015,42,275,57.0822,48.3112,1349,0.1537,1.9097222222,1.025584215
30104,2014,43,317,51.2087,42.3704,1277,0.1726,2.2482269504,0.97312933
30104,2015,43,313,55.4173,41.6031,1342,0.2493,1.9810126582,0.97312933
30104,2014,44,278,53.6164,47.6951,1246,0.1104,2.0592592593,0.890233009
30104,2015,44,235,57.0866,41.5130,1152,0.2728,2.0434782609,0.890233009
30104,2015,45,192,53.2078,44.0164,943,0.1727,1.9793814433,0.841702691
30104,2014,45,230,55.9607,51.9307,1180,0.0720,1.9166666667,0.841702691
30104,2014,46,219,54.6715,44.9472,1138,0.1779,1.9909090909,0.785065311
30104,2015,46,221,53.4412,40.3298,1046,0.2453,2.0849056604,0.785065311
30104,2015,47,139,60.2450,43.1776,1060,0.2833,1.5444444444,0.725269213
30104,2014,47,187,65.2968,54.7318,1434,0.1618,1.9893617021,0.725269213
30104,2015,48,348,66.3578,45.8663,1702,0.3088,1.9333333333,0.861730026
30104,2014,48,264,57.7938,48.3309,1019,0.1637,2.2000000000,0.861730026
30104,2015,49,304,58.0319,40.3203,1603,0.3052,1.9487179487,0.981097445
30104,2014,49,320,56.5283,44.6602,1396,0.2100,2.2377622378,0.981097445
30104,2015,50,531,61.8554,36.5018,2164,0.4099,2.4027149321,1.224639503
30104,2014,50,430,62.1771,42.4980,1847,0.3165,1.9282511211,1.224639503
30104,2015,51,476,55.4684,30.7009,2042,0.4465,2.2242990654,1.260710685
30104,2014,51,532,57.7201,37.2821,2301,0.3541,1.8932384342,1.260710685
30104,2015,52,339,57.2323,30.2138,1765,0.4721,2.0545454545,0.783547057
30104,2014,52,266,63.3647,45.1348,1451,0.2877,1.7051282051,0.783547057
30793,2015,1,116,74.4664,45.5690,867,0.3881,1.3809523810,0.670960218
30793,2016,1,75,65.7733,36.4227,840,0.4462,1.5000000000,0.670960218
30793,2014,1,195,56.6623,38.9492,2020,0.3126,1.5476190476,0.670960218
30793,2014,2,409,57.3073,37.3907,3725,0.3475,1.7112970711,1.328899215
30793,2015,2,442,68.8756,41.4399,3029,0.3983,1.5189003436,1.328899215
30793,2016,2,480,57.0375,28.0573,3682,0.5081,1.7843866171,1.328899215
30793,2014,3,358,56.4349,28.4318,2577,0.4962,1.5299145299,1.198507003
30793,2016,3,236,57.0572,28.5362,1989,0.4999,1.6978417266,1.198507003
30793,2015,3,326,63.0046,34.7879,2257,0.4479,1.6218905473,1.198507003
30793,2014,4,330,51.5873,22.3057,2553,0.5676,1.4732142857,1.011078067
30793,2016,4,233,59.3760,26.6535,1678,0.5511,1.4207317073,1.011078067
30793,2015,4,401,50.0670,23.6892,2112,0.5269,2.0050000000,1.011078067
30793,2015,5,267,51.1292,23.0417,1987,0.5493,1.5988023952,0.85625105
30793,2016,5,312,52.0242,22.9722,1832,0.5584,1.8461538462,0.85625105
30793,2014,5,179,51.4221,25.9668,1649,0.4950,1.3664122137,0.85625105
30793,2015,6,220,53.7966,30.1061,1524,0.4404,1.5384615385,0.867119955
30793,2016,6,203,50.5638,25.3100,1563,0.4994,1.8454545455,0.867119955
30793,2014,6,286,50.1767,20.3473,1891,0.5945,1.7654320988,0.867119955
30793,2015,7,228,58.3033,27.3454,1296,0.5310,1.7674418605,0.87630617
30793,2016,7,386,48.9216,22.1698,1636,0.5468,2.4125000000,0.87630617
30793,2014,7,255,54.4337,28.0441,1468,0.4848,1.6666666667,0.87630617
30793,2015,8,220,58.0702,25.7388,1240,0.5568,1.7600000000,0.769441963
30793,2014,8,267,51.2755,41.6106,1502,0.1885,1.9489051095,0.769441963
30793,2016,8,235,51.6651,21.8339,1273,0.5774,1.8076923077,0.769441963
30793,2016,9,204,47.9824,30.0611,1394,0.3735,1.7894736842,0.810764306
30793,2014,9,196,45.8311,37.0738,1145,0.1911,1.8666666667,0.810764306
30793,2015,9,234,62.3350,34.7180,1354,0.4430,1.7333333333,0.810764306
30793,2015,10,277,55.6287,33.9706,1663,0.3893,1.4734042553,0.940232626
30793,2016,10,200,46.9390,27.4303,1211,0.4156,1.9047619048,0.940232626
30793,2014,10,222,45.4714,44.0634,1959,0.0310,1.6818181818,0.940232626
30793,2014,11,221,44.2423,42.5374,1572,0.0385,1.7967479675,1.003602515
30793,2016,11,210,48.7931,35.4043,1421,0.2744,1.9626168224,1.003602515
30793,2015,11,233,53.8650,34.0091,1443,0.3686,1.5637583893,1.003602515
30793,2016,12,180,50.2831,40.2509,1514,0.1995,1.8367346939,1.07218497
30793,2014,12,290,45.5507,44.5383,2067,0.0222,1.9594594595,1.07218497
30793,2015,12,204,51.0966,42.3209,1302,0.1717,1.7435897436,1.07218497
30793,2014,13,193,47.3111,45.7156,1635,0.0337,1.6929824561,1.116810003
30793,2016,13,209,47.4572,42.4652,2075,0.1052,1.7416666667,1.116810003
30793,2015,13,186,49.7946,45.0353,1222,0.0956,1.6034482759,1.116810003
30793,2015,14,289,49.5040,44.4821,2131,0.1014,1.5621621622,1.128812986
30793,2014,14,173,47.4156,44.0588,1546,0.0708,1.5585585586,1.128812986
30793,2016,14,209,45.1282,41.0827,1887,0.0896,1.8660714286,1.128812986
30793,2015,15,189,46.9873,44.1768,1342,0.0598,1.6875000000,1.068072285
30793,2014,15,160,46.2975,46.1973,1541,0.0022,1.6326530612,1.068072285
30793,2014,16,201,44.7144,45.0994,2086,-0.0086,1.7033898305,1.07536517
30793,2015,16,235,46.8613,43.6264,1546,0.0690,1.7669172932,1.07536517
30793,2015,17,210,48.3360,42.5273,1472,0.1202,1.6666666667,0.988776842
30793,2014,17,174,50.4273,49.4882,1892,0.0186,1.6111111111,0.988776842
30793,2014,18,154,46.7552,44.2816,1766,0.0529,1.5714285714,0.998576718
30793,2015,18,244,48.7922,43.0247,1747,0.1182,1.8769230769,0.998576718
30793,2014,19,154,46.3597,40.8701,1456,0.1184,1.5714285714,1.090159485
30793,2015,19,228,42.5621,38.8007,1650,0.0884,2.0540540541,1.090159485
30793,2015,20,305,42.2859,38.2329,2462,0.0958,1.8263473054,1.082324017
30793,2014,20,158,39.7348,36.6000,1694,0.0789,1.7752808989,1.082324017
30793,2014,21,174,35.0879,34.5366,1676,0.0157,1.5398230088,1.015528861
30793,2015,21,266,45.6979,38.0122,2031,0.1682,1.6625000000,1.015528861
30793,2015,22,161,44.1522,38.7661,1702,0.1220,1.6428571429,1.000936385
30793,2014,22,209,34.9787,34.6056,2009,0.0107,1.5035971223,1.000936385
30793,2014,23,196,37.5827,36.8144,1591,0.0204,1.8317757009,0.982493366
30793,2015,23,164,39.9939,36.5352,3126,0.0865,1.6400000000,0.982493366
30793,2014,24,219,40.9180,39.5517,1380,0.0334,1.6466165414,1.048117509
30793,2015,24,232,43.2588,38.7091,1943,0.1052,1.7443609023,1.048117509
30793,2014,25,255,36.5500,32.1814,1790,0.1195,1.6666666667,1.029316802
30793,2015,25,224,45.7125,37.0773,1966,0.1889,1.6592592593,1.029316802
30793,2014,26,262,36.2248,29.5088,1896,0.1854,1.6477987421,0.983885523
30793,2015,26,149,42.8668,34.5150,1486,0.1948,1.5204081633,0.983885523
30793,2014,27,347,37.9602,28.0441,2135,0.2612,1.5560538117,1.221808613
30793,2014,28,438,42.8650,27.2738,2613,0.3637,1.5587188612,1.410082969
30793,2014,29,292,43.7327,29.2284,1912,0.3317,1.4822335025,1.351854211
30793,2014,30,412,40.2936,25.3429,2419,0.3710,1.5606060606,1.477591511
30793,2014,31,487,41.3611,19.8876,2540,0.5192,1.6678082192,1.499579721
30793,2014,32,441,39.4851,20.1325,2322,0.4901,1.6896551724,1.413521022
30793,2014,33,428,40.6369,22.4198,2248,0.4483,1.6784313725,1.293219229
30793,2014,34,350,38.6449,23.5056,1962,0.3918,1.6746411483,1.134516805
30793,2014,35,312,39.9168,27.8694,1966,0.3018,1.6421052632,1.075691768
30793,2014,36,378,39.1196,27.6902,2138,0.2922,1.6506550218,1.053981831
30793,2014,37,219,43.5539,34.9434,1234,0.1977,1.5642857143,0.931767296
30793,2014,38,153,48.0255,46.0793,1486,0.0405,1.3783783784,0.842691498
30793,2014,39,132,53.3792,52.6873,1013,0.0130,1.5172413793,0.888519252
30793,2014,40,219,48.7945,47.5729,1451,0.0250,1.7109375000,1.00353886
30793,2014,41,225,52.2556,49.9060,1410,0.0450,1.7175572519,1.012285767
30793,2014,42,151,53.0964,51.5904,1146,0.0284,1.6063829787,0.936339876
30793,2014,43,202,56.4334,50.8999,1331,0.0981,1.6557377049,0.838467677
30793,2014,44,145,58.3193,54.3497,1030,0.0681,1.4948453608,0.801555483
30793,2014,45,187,57.9179,57.0672,1136,0.0147,1.8700000000,0.862289046
30793,2014,46,335,52.1979,45.6761,1489,0.1249,2.1069182390,0.968577197
30793,2014,47,235,54.4019,49.8813,1411,0.0831,1.8650793651,0.862631871
30793,2015,48,209,51.7799,35.0379,921,0.3233,1.6587301587,0.815910931
30793,2014,48,221,52.6097,44.5007,1342,0.1541,1.8264462810,0.815910931
30793,2014,49,221,55.8941,47.9025,1510,0.1430,1.6870229008,0.913154755
30793,2015,49,261,50.9517,36.5492,0,0.2827,1.6730769231,0.913154755
30793,2015,50,291,46.8175,32.4304,0,0.3073,1.8896103896,0.989213441
30793,2014,50,292,58.5736,41.5224,1735,0.2911,1.6878612717,0.989213441
30793,2015,51,325,57.5122,35.2474,2971,0.3871,1.7379679144,0.931530903
30793,2014,51,289,57.1808,36.8758,1749,0.3551,1.6705202312,0.931530903
30793,2014,52,105,50.5300,39.3733,796,0.2208,1.4383561644,0.545013669
30793,2015,52,227,54.8207,30.0924,2334,0.4511,2.1018518519,0.545013669
32027,2015,1,402,57.4827,34.5556,2223,0.3989,1.8356164384,0.583610083
32027,2014,1,261,58.2071,40.0736,2968,0.3115,1.7516778523,0.583610083
32027,2016,1,168,61.3557,29.3637,0,0.5214,1.7684210526,0.583610083
32027,2015,2,463,58.6927,35.2447,2296,0.3995,1.7739463602,0.987697836
32027,2016,2,641,60.2374,26.2197,0,0.5647,1.7371273713,0.987697836
32027,2014,2,501,61.5205,39.0191,6604,0.3658,1.6755852843,0.987697836
32027,2015,3,382,57.8384,31.1514,1317,0.4614,1.9004975124,0.961301632
32027,2016,3,558,47.4616,21.1567,0,0.5542,1.8787878788,0.961301632
32027,2014,3,400,57.6129,29.1871,3336,0.4934,1.8264840183,0.961301632
32027,2016,4,413,55.8832,23.3710,0,0.5818,1.7280334728,0.891924184
32027,2014,4,546,55.1316,24.0575,4910,0.5636,1.5251396648,0.891924184
32027,2015,4,562,51.6125,24.1914,2127,0.5313,2.0661764706,0.891924184
32027,2016,5,383,51.9807,21.9721,783,0.5773,1.8066037736,0.785251375
32027,2014,5,331,55.6843,26.4508,1795,0.5250,1.7606382979,0.785251375
32027,2015,5,398,54.9308,25.2169,1685,0.5409,1.9605911330,0.785251375
32027,2015,6,259,55.7450,31.7727,1046,0.4300,1.8633093525,0.889059523
32027,2014,6,657,52.2140,20.3197,2527,0.6108,1.9380530973,0.889059523
32027,2016,6,414,51.2440,21.9565,1249,0.5715,2.0909090909,0.889059523
32027,2014,7,444,51.1943,25.1633,1868,0.5085,1.8893617021,0.858464675
32027,2015,7,496,62.9398,24.1797,1622,0.6158,2.0753138075,0.858464675
32027,2016,7,436,51.5830,25.2903,1205,0.5097,1.9292035398,0.858464675
32027,2016,8,436,54.6618,23.7869,886,0.5648,1.7795918367,0.72253285
32027,2014,8,225,48.1116,43.1882,186,0.1023,1.9911504425,0.72253285
32027,2015,8,413,56.0932,26.2864,1198,0.5314,2.1288659794,0.72253285
32027,2016,9,375,57.9253,29.5306,964,0.4902,1.8750000000,0.708114361
32027,2015,9,335,55.1788,34.9125,193,0.3673,2.2635135135,0.708114361
32027,2014,9,138,48.9772,47.1019,0,0.0383,1.7692307692,0.708114361
32027,2015,10,345,54.5420,43.7431,2,0.1980,2.3000000000,0.818187812
32027,2014,10,289,44.6502,43.3599,2163,0.0289,1.9395973154,0.818187812
32027,2016,10,261,57.1416,40.1705,784,0.2970,2.1048387097,0.818187812
32027,2016,11,268,56.0916,49.5619,1088,0.1164,1.8482758621,0.873454196
32027,2015,11,286,54.9049,47.5890,0,0.1332,2.1666666667,0.873454196
32027,2014,11,245,45.2247,42.8469,1308,0.0526,1.9600000000,0.873454196
32027,2016,12,322,52.9480,46.2441,905,0.1266,2.0379746835,0.977150527
32027,2014,12,236,43.4419,39.5428,1467,0.0898,1.9666666667,0.977150527
32027,2015,12,282,56.4037,53.6791,0,0.0483,2.2204724409,0.977150527
32027,2016,13,419,52.0654,47.6686,1952,0.0844,2.2169312169,1.148680555
32027,2015,13,411,49.1464,45.5115,0,0.0740,1.9571428571,1.148680555
32027,2014,13,331,42.1443,38.5725,1856,0.0848,2.0687500000,1.148680555
32027,2016,14,212,52.1887,50.5154,944,0.0321,2.0190476190,1.124122547
32027,2014,14,324,50.2877,45.4618,3245,0.0960,1.8514285714,1.124122547
32027,2015,14,455,55.0076,50.6395,0,0.0794,2.1064814815,1.124122547
32027,2014,15,280,44.7255,44.5324,2267,0.0043,1.7500000000,1.031463822
32027,2015,15,355,50.8399,48.2350,33,0.0512,2.3509933775,1.031463822
32027,2015,16,341,47.2806,41.8983,301,0.1138,1.9597701149,0.990802273
32027,2014,16,327,50.8986,49.3227,2182,0.0310,2.0437500000,0.990802273
32027,2014,17,266,45.3673,42.6839,1887,0.0591,1.7500000000,0.981854695
32027,2015,17,322,51.6542,42.9434,0,0.1686,1.8720930233,0.981854695
32027,2015,18,309,51.4095,45.3390,3,0.1181,2.0196078431,1.015892896
32027,2014,18,247,52.6579,49.6729,1007,0.0567,1.8161764706,1.015892896
32027,2014,19,295,43.6197,39.2100,1309,0.1011,1.9798657718,1.095402084
32027,2015,19,308,48.2278,44.6841,7,0.0735,2.1241379310,1.095402084
32027,2015,20,493,47.0814,43.7243,0,0.0713,2.3254716981,1.097899675
32027,2014,20,325,40.7595,38.6748,1332,0.0511,2.1666666667,1.097899675
32027,2015,21,290,45.4000,39.7369,3,0.1247,1.8354430380,1.05859616
32027,2014,21,380,38.9395,38.2571,2002,0.0175,1.9095477387,1.05859616
32027,2015,22,245,45.9800,43.0932,1,0.0628,1.6333333333,1.087442962
32027,2014,22,484,40.7372,39.7813,3111,0.0235,1.8615384615,1.087442962
32027,2014,23,379,42.5120,40.8848,2232,0.0383,1.9739583333,1.036499593
32027,2015,23,305,42.2946,39.9236,23,0.0561,2.0469798658,1.036499593
32027,2014,24,378,41.2966,40.0736,2246,0.0296,1.8529411765,1.091714322
32027,2015,24,373,47.6618,42.0073,2,0.1186,1.9030612245,1.091714322
32027,2015,25,411,44.5060,37.2750,132,0.1625,2.1978609626,1.134810217
32027,2014,25,488,38.9831,33.7954,2780,0.1331,1.8277153558,1.134810217
32027,2015,26,369,43.0854,37.7644,44,0.1235,2.1705882353,1.146787
32027,2014,26,490,34.9604,28.9722,2601,0.1713,1.9291338583,1.146787
32027,2015,27,541,46.6157,32.6473,76,0.2997,1.9816849817,1.329143293
32027,2014,27,668,36.6284,27.5019,4694,0.2492,1.8102981030,1.329143293
32027,2014,28,803,41.3326,26.1120,6816,0.3682,1.5714285714,1.356340952
32027,2015,28,471,37.2169,26.6680,235,0.2834,1.9382716049,1.356340952
32027,2015,29,465,43.9027,27.0171,6,0.3846,2.0394736842,1.323893698
32027,2014,29,590,43.4436,28.8355,4987,0.3363,1.5775401070,1.323893698
32027,2015,30,669,39.3186,22.8163,79,0.4197,2.0272727273,1.478781629
32027,2014,30,784,37.9672,22.9195,5601,0.3963,1.6680851064,1.478781629
32027,2014,31,1086,43.2216,21.4552,5777,0.5036,1.6889580093,1.575411502
32027,2015,31,644,43.8135,24.8143,41,0.4336,1.7311827957,1.575411502
32027,2014,32,849,42.5715,22.7458,6015,0.4657,1.5187835420,1.483042676
32027,2015,32,598,39.2888,21.9193,35,0.4421,1.8924050633,1.483042676
32027,2015,33,682,37.2453,23.2164,85,0.3767,1.9103641457,1.531954571
32027,2014,33,774,41.2813,25.6597,6359,0.3784,1.6125000000,1.531954571
32027,2015,34,586,42.6899,26.0662,0,0.3894,1.8662420382,1.543390811
32027,2014,34,791,40.6052,25.2362,4494,0.3785,1.6376811594,1.543390811
32027,2015,35,457,40.3346,26.1456,0,0.3518,1.8653061224,1.32722572
32027,2014,35,594,40.6372,32.2181,3989,0.2072,1.6732394366,1.32722572
32027,2015,36,298,51.8126,47.0937,0,0.0911,1.7951807229,1.146133713
32027,2014,36,450,42.3183,40.8405,3168,0.0349,1.7857142857,1.146133713
32027,2014,37,400,47.2169,46.1346,2636,0.0229,1.8181818182,1.114276407
32027,2015,37,250,52.2924,51.3877,0,0.0173,1.8248175182,1.114276407
32027,2014,38,391,49.7724,47.6797,3501,0.0420,1.7935779817,1.11607173
32027,2015,38,363,55.7252,54.4835,0,0.0223,1.7881773399,1.11607173
32027,2015,39,265,55.4217,53.2108,144,0.0399,1.9064748201,1.054391442
32027,2014,39,381,51.6794,50.1153,3601,0.0303,1.5875000000,1.054391442
32027,2014,40,321,54.8160,52.2216,2573,0.0473,1.7540983607,0.999735785
32027,2015,40,349,61.4434,53.6455,0,0.1269,1.7715736041,0.999735785
32027,2015,41,361,56.2740,47.4359,0,0.1571,1.6559633028,0.927089771
32027,2014,41,262,55.9531,54.1248,1943,0.0327,1.7350993377,0.927089771
32027,2015,42,187,56.6350,52.9603,5,0.0649,1.8514851485,0.841229714
32027,2014,42,303,55.8393,53.4980,1892,0.0419,1.8143712575,0.841229714
32027,2015,43,233,63.9736,54.8034,0,0.1433,1.7007299270,0.766856364
32027,2014,43,296,58.1363,50.4636,2287,0.1320,1.8385093168,0.766856364
32027,2015,44,206,63.8201,50.4821,0,0.2090,1.9433962264,0.696685435
32027,2014,44,250,57.3394,54.3906,1975,0.0514,1.8656716418,0.696685435
32027,2014,45,199,57.1982,54.6733,840,0.0441,2.2111111111,0.666051197
32027,2015,45,209,61.0438,51.3339,0,0.1591,1.8017241379,0.666051197
32027,2014,46,294,59.3498,47.1514,1422,0.2055,2.0136986301,0.643657057
32027,2015,46,221,61.1790,46.9273,9,0.2330,1.7401574803,0.643657057
32027,2015,47,141,70.0915,52.1967,0,0.2553,1.6987951807,0.621120017
32027,2014,47,278,63.7856,55.7241,1982,0.1264,2.0902255639,0.621120017
32027,2014,48,264,69.1021,59.9193,1483,0.1329,1.9130434783,0.729803925
32027,2015,48,317,72.1893,49.6152,0,0.3127,1.7709497207,0.729803925
32027,2014,49,287,62.4692,51.7462,1469,0.1717,1.9391891892,0.84395158
32027,2015,49,247,56.2512,40.7388,0,0.2758,1.8712121212,0.84395158
32027,2014,50,409,62.6979,44.9193,2059,0.2836,2.1082474227,0.904555662
32027,2015,50,412,59.2990,40.1480,0,0.3230,1.9342723005,0.904555662
32027,2015,51,413,57.7004,33.3673,0,0.4217,2.2817679558,0.772797851
32027,2014,51,323,65.5709,40.3220,1166,0.3851,2.2430555556,0.772797851
32027,2014,52,197,64.1061,47.6946,917,0.2560,2.0309278351,0.471049091
32027,2015,52,272,59.3737,31.7250,0,0.4657,2.2666666667,0.471049091
32073,2016,1,79,59.8386,37.6063,336,0.3715,1.8809523810,0.727038907
32073,2015,1,158,61.3190,39.4801,715,0.3562,2.2253521127,0.727038907
32073,2014,1,188,73.0027,47.0188,908,0.3559,2.3209876543,0.727038907
32073,2016,2,269,62.7963,38.6388,1176,0.3847,2.2991452991,1.108786127
32073,2015,2,182,66.5324,44.5002,886,0.3312,1.8383838384,1.108786127
32073,2014,2,170,80.8709,50.7742,864,0.3722,1.9767441860,1.108786127
32073,2016,3,242,66.3880,36.1276,976,0.4558,1.9516129032,1.204636259
32073,2015,3,256,69.2961,38.6607,993,0.4421,2.0317460317,1.204636259
32073,2014,3,265,70.1979,35.2759,1077,0.4975,2.0229007634,1.204636259
32073,2014,4,221,72.6416,30.4279,1029,0.5811,1.9051724138,1.159499731
32073,2015,4,219,69.3322,37.5880,936,0.4579,1.9553571429,1.159499731
32073,2016,4,221,65.1138,33.9254,895,0.4790,1.9909909910,1.159499731
32073,2016,5,184,60.6201,33.6588,794,0.4448,1.8400000000,0.966818529
32073,2015,5,180,67.1161,33.1238,717,0.5065,2.1428571429,0.966818529
32073,2014,5,198,68.1732,29.1017,909,0.5731,2.0000000000,0.966818529
32073,2015,6,179,65.5263,36.3447,685,0.4453,1.9670329670,0.985064056
32073,2014,6,300,69.3190,25.1608,839,0.6370,2.1276595745,0.985064056
32073,2016,6,230,62.9524,32.7836,833,0.4792,2.0720720721,0.985064056
32073,2016,7,238,63.4040,30.9944,748,0.5112,2.3800000000,0.877866511
32073,2014,7,257,70.3586,25.6803,739,0.6350,2.1965811966,0.877866511
32073,2015,7,168,66.2435,37.8513,624,0.4286,1.9310344828,0.877866511
32073,2014,8,127,71.8110,30.3071,483,0.5780,1.9538461538,0.763167328
32073,2015,8,191,61.0212,33.0557,681,0.4583,1.9895833333,0.763167328
32073,2016,8,222,64.0327,36.1525,645,0.4354,2.1980198020,0.763167328
32073,2016,9,204,61.4975,32.9634,610,0.4640,2.1702127660,0.726807328
32073,2015,9,138,66.8167,39.6346,633,0.4068,1.7922077922,0.726807328
32073,2014,9,108,73.2093,43.1774,525,0.4102,1.7704918033,0.726807328
32073,2016,10,98,68.2730,55.0596,408,0.1935,1.9215686275,0.800525227
32073,2015,10,169,64.2769,44.0218,609,0.3151,2.1948051948,0.800525227
32073,2014,10,112,70.3027,49.6937,461,0.2931,2.0000000000,0.800525227
32073,2014,11,97,66.7974,54.9242,467,0.1778,2.0208333333,0.942357058
32073,2015,11,135,60.2737,50.2107,555,0.1670,2.0769230769,0.942357058
32073,2016,11,102,57.3348,50.5291,413,0.1187,2.2173913043,0.942357058
32073,2016,12,108,61.0468,53.1270,476,0.1297,1.8305084746,1.07180807
32073,2014,12,169,63.2565,54.2694,496,0.1421,2.2837837838,1.07180807
32073,2015,12,155,57.3726,50.4462,541,0.1207,2.0129870130,1.07180807
32073,2016,13,109,59.6592,52.2632,440,0.1240,1.9122807018,1.113466944
32073,2014,13,177,64.0144,52.6268,520,0.1779,2.1585365854,1.113466944
32073,2015,13,210,61.2538,51.1795,613,0.1645,2.4705882353,1.113466944
32073,2014,14,132,67.8239,59.6761,512,0.1201,2.0307692308,1.042613928
32073,2015,14,135,62.3733,52.8110,569,0.1533,1.7088607595,1.042613928
32073,2016,14,152,64.1451,52.6039,503,0.1799,1.9740259740,1.042613928
32073,2014,15,68,65.4610,63.6963,346,0.0270,1.8378378378,0.969931726
32073,2015,15,115,56.0913,47.6090,477,0.1512,1.7692307692,0.969931726
32073,2015,16,171,58.6143,51.2916,713,0.1249,1.6930693069,1.064966412
32073,2014,16,104,65.0817,61.4269,395,0.0562,2.4186046512,1.064966412
32073,2014,17,92,62.2842,60.1637,398,0.0340,2.1904761905,1.037826581
32073,2015,17,105,55.4529,47.4288,512,0.1447,2.0192307692,1.037826581
32073,2014,18,79,69.6310,67.9566,350,0.0240,2.0256410256,1.103514018
32073,2015,18,139,56.0917,49.6906,590,0.1141,2.0441176471,1.103514018
32073,2015,19,168,53.9015,49.8030,691,0.0760,1.8461538462,1.198091938
32073,2014,19,132,60.3712,54.3568,550,0.0996,2.4444444444,1.198091938
32073,2015,20,106,56.3830,52.6937,547,0.0654,1.7377049180,1.122655943
32073,2014,20,112,64.0906,61.2592,605,0.0442,1.9649122807,1.122655943
32073,2015,21,117,59.0594,49.4884,556,0.1621,1.7462686567,1.030389167
32073,2014,21,92,61.9489,58.3429,522,0.0582,1.7358490566,1.030389167
32073,2015,22,101,52.3158,48.1504,489,0.0796,1.7118644068,1.004509936
32073,2014,22,96,56.4708,54.6911,486,0.0315,1.8461538462,1.004509936
32073,2015,23,104,58.4962,54.3199,493,0.0714,1.8909090909,1.036387207
32073,2014,23,70,59.6071,58.4417,402,0.0196,1.7073170732,1.036387207
32073,2015,24,103,58.7845,48.5304,589,0.1744,1.6093750000,1.03056977
32073,2014,24,130,58.4412,54.9858,617,0.0591,1.9402985075,1.03056977
32073,2015,25,157,59.1838,47.1847,681,0.2027,1.8690476190,0.954590127
32073,2014,25,111,57.1023,49.7668,524,0.1285,1.6818181818,0.954590127
32073,2015,26,90,65.2472,52.6310,467,0.1934,1.8000000000,0.873515095
32073,2014,26,98,57.1327,45.0160,459,0.2121,2.1777777778,0.873515095
32073,2015,27,142,59.8775,45.7146,673,0.2365,1.9189189189,0.99974024
32073,2014,27,123,57.6809,45.2325,719,0.2158,1.6621621622,0.99974024
32073,2014,28,152,56.7059,40.8466,733,0.2797,2.0821917808,1.202812798
32073,2015,28,226,56.0358,39.7903,958,0.2899,2.0733944954,1.202812798
32073,2015,29,172,57.5512,39.7284,842,0.3097,1.8105263158,1.131134517
32073,2014,29,156,54.4170,36.8725,678,0.3224,2.1081081081,1.131134517
32073,2015,30,231,63.4154,36.9145,879,0.4179,2.1192660550,1.157559093
32073,2014,30,199,55.0294,31.0742,847,0.4353,2.2613636364,1.157559093
32073,2014,31,202,58.6913,31.5627,842,0.4622,2.1263157895,1.114112504
32073,2015,31,213,59.1723,33.1879,865,0.4391,2.0480769231,1.114112504
32073,2014,32,187,53.4687,28.2636,740,0.4714,2.1011235955,0.908050504
32073,2015,32,189,57.6780,29.8521,875,0.4824,1.9687500000,0.908050504
32073,2014,33,183,62.0333,29.2983,730,0.5277,1.9677419355,0.865052079
32073,2015,33,140,65.0179,34.7629,722,0.4653,1.6666666667,0.865052079
32073,2015,34,158,61.6630,34.1888,691,0.4456,1.8588235294,1.033423427
32073,2014,34,349,63.9732,24.6755,1113,0.6143,2.1151515152,1.033423427
32073,2014,35,164,60.6729,25.3024,647,0.5830,1.9523809524,0.922550812
32073,2015,35,179,56.0547,26.7301,659,0.5231,2.0813953488,0.922550812
32073,2015,36,199,63.3799,33.3540,663,0.4737,1.9320388350,0.964260824
32073,2014,36,201,66.2540,38.9489,693,0.4121,2.0303030303,0.964260824
32073,2014,37,130,61.6715,44.4716,570,0.2789,1.9696969697,0.938392399
32073,2015,37,146,65.4952,39.7427,521,0.3932,2.0000000000,0.938392399
32073,2015,38,103,66.1015,56.6646,402,0.1428,1.7457627119,1.000530024
32073,2014,38,130,66.7392,56.8317,463,0.1485,2.0634920635,1.000530024
32073,2014,39,156,72.7503,64.1446,528,0.1183,1.8795180723,1.0403692
32073,2015,39,81,63.3302,57.8127,376,0.0871,1.7234042553,1.0403692
32073,2014,40,101,64.5208,57.8357,413,0.1036,2.1041666667,1.057113254
32073,2015,40,167,72.8413,65.7778,721,0.0970,2.1139240506,1.057113254
32073,2014,41,110,61.5291,55.7499,436,0.0939,2.0000000000,1.023040002
32073,2015,41,112,67.7670,61.8154,595,0.0878,1.8064516129,1.023040002
32073,2014,42,76,58.9224,54.7379,347,0.0710,1.7674418605,1.027506543
32073,2015,42,140,68.7864,61.1821,663,0.1106,2.0289855072,1.027506543
32073,2014,43,148,64.1145,53.5969,592,0.1640,2.1142857143,1.01511809
32073,2015,43,108,72.0074,63.2615,512,0.1215,1.9636363636,1.01511809
32073,2015,44,89,65.0124,56.7899,532,0.1265,1.8541666667,0.93634847
32073,2014,44,113,66.6885,61.1194,470,0.0835,2.3541666667,0.93634847
32073,2015,45,110,65.3736,56.3280,505,0.1384,1.8644067797,0.883521379
32073,2014,45,109,62.8651,57.3483,446,0.0878,2.0961538462,0.883521379
32073,2015,46,107,69.2701,53.6324,572,0.2258,1.6984126984,0.91810203
32073,2014,46,127,64.5146,56.9517,561,0.1172,1.7887323944,0.91810203
32073,2014,47,108,73.2787,60.6313,573,0.1726,1.7419354839,0.877473446
32073,2015,47,115,64.1283,49.8277,599,0.2230,1.8548387097,0.877473446
32073,2015,48,132,65.4985,50.9358,707,0.2223,1.8857142857,0.907479373
32073,2014,48,101,77.9668,67.0202,510,0.1404,1.8703703704,0.907479373
32073,2014,49,155,73.0906,64.0213,759,0.1241,2.0129870130,1.043181459
32073,2015,49,123,57.4858,46.7367,615,0.1870,1.8358208955,1.043181459
32073,2015,50,177,58.1028,46.1046,716,0.2065,2.6029411765,1.295555262
32073,2014,50,213,79.0493,54.5112,857,0.3104,1.9541284404,1.295555262
32073,2014,51,253,67.3211,44.1743,899,0.3438,1.8880597015,1.348852282
32073,2015,51,279,59.3769,41.6495,916,0.2986,2.0977443609,1.348852282
32073,2014,52,119,67.3996,49.3877,704,0.2672,1.6760563380,0.765404076
32073,2015,52,145,58.0348,37.8855,982,0.3472,1.7682926829,0.765404076
32315,2015,1,346,64.7895,38.7847,2846,0.4014,1.6714975845,0.721481918
32315,2016,1,282,63.9585,31.6679,1340,0.5049,1.7195121951,0.721481918
32315,2014,1,340,57.1765,37.1448,2945,0.3503,1.6113744076,0.721481918
32315,2016,2,560,52.2961,25.6223,2559,0.5101,1.7721518987,0.990369459
32315,2014,2,290,61.2067,39.2560,3848,0.3586,1.4795918367,0.990369459
32315,2015,2,426,60.1040,36.2986,2952,0.3961,1.6384615385,0.990369459
32315,2015,3,417,60.9291,33.1313,2689,0.4562,1.8051948052,1.04283613
32315,2014,3,541,57.0730,28.7898,3377,0.4956,1.8338983051,1.04283613
32315,2016,3,286,56.4649,30.4790,1387,0.4602,1.6923076923,1.04283613
32315,2016,4,441,59.4353,25.5113,1877,0.5708,1.8607594937,1.069742965
32315,2014,4,596,60.3507,24.8207,2856,0.5887,1.8338461538,1.069742965
32315,2015,4,473,58.1399,26.9533,2381,0.5364,1.8622047244,1.069742965
32315,2014,5,380,60.5168,25.7594,2396,0.5743,1.7840375587,1.011814762
32315,2015,5,491,56.8527,24.6178,2583,0.5670,1.8185185185,1.011814762
32315,2016,5,528,56.8277,24.3216,2262,0.5720,2.0152671756,1.011814762
32315,2014,6,515,56.9221,19.9682,2792,0.6492,1.7758620690,1.075923659
32315,2016,6,567,46.5148,19.1663,2056,0.5880,2.2589641434,1.075923659
32315,2015,6,349,58.9236,28.9661,1840,0.5084,1.8465608466,1.075923659
32315,2016,7,497,48.3864,20.6030,1817,0.5742,2.1703056769,0.968005581
32315,2014,7,411,53.6493,23.3919,2537,0.5640,1.8026315789,0.968005581
32315,2015,7,558,65.9103,24.3705,2764,0.6302,1.6807228916,0.968005581
32315,2014,8,154,49.7870,38.1594,1608,0.2335,2.2985074627,0.74644695
32315,2015,8,414,59.1211,24.8122,2737,0.5803,1.7468354430,0.74644695
32315,2016,8,502,49.5906,20.5620,2071,0.5854,2.0000000000,0.74644695
32315,2015,9,271,55.1775,31.1698,1886,0.4351,1.6832298137,0.653373425
32315,2016,9,315,48.9954,25.8927,1575,0.4715,2.0192307692,0.653373425
32315,2014,9,99,42.8904,40.7466,1222,0.0500,2.1063829787,0.653373425
32315,2015,10,199,53.0131,41.0809,1063,0.2251,2.0306122449,0.708888673
32315,2016,10,192,47.4435,39.5805,1173,0.1657,2.1098901099,0.708888673
32315,2014,10,144,42.7601,40.4658,1303,0.0537,2.0281690141,0.708888673
32315,2015,11,220,50.5084,40.1262,1414,0.2056,1.9298245614,0.776680078
32315,2014,11,158,42.8908,40.9048,1335,0.0463,2.0789473684,0.776680078
32315,2016,11,191,50.5387,44.3872,1446,0.1217,1.8190476190,0.776680078
32315,2015,12,141,49.7592,45.1219,1009,0.0932,1.8076923077,0.901637732
32315,2014,12,228,42.6399,41.6791,1683,0.0225,2.3030303030,0.901637732
32315,2016,12,219,50.4934,45.6848,1733,0.0952,2.0277777778,0.901637732
32315,2015,13,289,47.7715,41.9885,1708,0.1211,2.3495934959,1.024552755
32315,2014,13,206,43.2908,40.0535,1750,0.0748,2.2150537634,1.024552755
32315,2016,13,242,49.0386,42.9782,1521,0.1236,2.1043478261,1.024552755
32315,2014,14,216,44.6546,40.2297,2014,0.0991,2.2268041237,1.068744817
32315,2015,14,311,51.5182,46.0468,2243,0.1062,1.9808917197,1.068744817
32315,2016,14,212,49.2700,45.4794,1439,0.0769,1.8761061947,1.068744817
32315,2015,15,282,50.5128,46.5786,1872,0.0779,2.0000000000,1.092749156
32315,2014,15,250,45.9112,43.4259,2966,0.0541,1.9531250000,1.092749156
32315,2014,16,162,46.3429,44.3627,2538,0.0427,1.9756097561,1.083295354
32315,2015,16,351,49.2152,45.8514,2192,0.0684,2.2941176471,1.083295354
32315,2014,17,203,45.6697,42.4429,3407,0.0707,1.6370967742,1.080376906
32315,2015,17,346,49.0243,39.5534,2423,0.1932,2.1226993865,1.080376906
32315,2015,18,332,47.8509,40.9134,2305,0.1450,1.9529411765,1.179543509
32315,2014,18,250,44.2290,42.3632,3079,0.0422,2.2321428571,1.179543509
32315,2015,19,351,43.5379,39.8491,2555,0.0847,1.9943181818,1.245507004
32315,2014,19,334,39.7690,35.0374,3828,0.1190,2.1006289308,1.245507004
32315,2014,20,237,37.7306,34.9073,3427,0.0748,1.7954545455,1.139381326
32315,2015,20,294,48.0473,44.3257,2206,0.0775,1.8967741935,1.139381326
32315,2015,21,363,45.9427,37.4930,2226,0.1839,2.0166666667,1.109322022
32315,2014,21,272,39.9303,39.4104,3535,0.0130,1.9428571429,1.109322022
32315,2015,22,318,45.9698,41.8402,1778,0.0898,2.5238095238,1.103202253
32315,2014,22,255,41.7090,41.1408,3390,0.0136,1.8478260870,1.103202253
32315,2015,23,339,40.5497,35.3056,2173,0.1293,1.8938547486,1.133637819
32315,2014,23,272,39.5162,39.2221,3588,0.0074,1.9154929577,1.133637819
32315,2015,24,340,40.6232,34.3741,2266,0.1538,1.9428571429,1.117442758
32315,2014,24,323,42.3697,41.6621,3454,0.0167,1.9695121951,1.117442758
32315,2014,25,310,38.0887,33.5069,2890,0.1203,2.0261437908,1.074167622
32315,2015,25,407,41.1536,32.2796,2048,0.2156,2.4666666667,1.074167622
32315,2015,26,287,43.8533,35.1862,2060,0.1976,1.9930555556,1.077403823
32315,2014,26,309,34.7526,28.9865,3154,0.1659,1.9433962264,1.077403823
32315,2014,27,735,32.7976,23.9985,5734,0.2683,2.0027247956,1.41108943
32315,2015,27,427,47.1871,30.2247,2303,0.3595,2.0628019324,1.41108943
32315,2014,28,685,40.1151,25.8161,6780,0.3564,1.7125000000,1.469844961
32315,2015,28,561,39.5709,26.5881,2624,0.3281,2.0035714286,1.469844961
32315,2014,29,491,45.0418,29.1712,5806,0.3524,1.5587301587,1.376299023
32315,2015,29,406,39.8552,25.2766,2315,0.3658,1.8796296296,1.376299023
32315,2015,30,629,40.5068,21.2740,3074,0.4748,2.0555555556,1.43199684
32315,2014,30,651,39.3041,21.6281,5228,0.4497,1.8494318182,1.43199684
32315,2014,31,678,44.6406,19.3889,5319,0.5657,1.6782178218,1.310012595
32315,2015,31,684,43.7526,21.7320,3338,0.5033,1.8387096774,1.310012595
32315,2015,32,507,47.6662,25.7971,2781,0.4588,1.7727272727,0.994241256
32315,2014,32,438,41.3316,21.0100,3775,0.4917,1.6404494382,0.994241256
32315,2015,33,303,48.3632,28.5596,1686,0.4095,2.0066225166,0.806254029
32315,2014,33,344,40.4195,21.1252,2887,0.4774,1.6538461538,0.806254029
32315,2015,34,395,49.6804,27.7561,2332,0.4413,1.8720379147,0.952906667
32315,2014,34,614,39.7303,18.1812,3587,0.5424,1.8719512195,0.952906667
32315,2014,35,405,39.6984,22.0794,2527,0.4438,1.9377990431,0.890488418
32315,2015,35,408,48.2251,27.3279,2453,0.4333,1.9521531100,0.890488418
32315,2014,36,395,40.6400,23.4540,2644,0.4229,1.8899521531,0.782762935
32315,2015,36,228,49.7300,39.6416,1501,0.2029,1.8842975207,0.782762935
32315,2015,37,210,47.8240,44.4169,1482,0.0712,1.8421052632,0.839535777
32315,2014,37,317,43.6153,39.7755,2628,0.0880,2.4198473282,0.839535777
32315,2015,38,194,46.7407,43.8896,1316,0.0610,2.0000000000,0.862552232
32315,2014,38,209,46.5727,45.8317,2148,0.0159,1.8495575221,0.862552232
32315,2014,39,224,48.1221,47.2764,2323,0.0176,1.9310344828,0.937184068
32315,2015,39,236,47.3093,44.4884,1550,0.0596,2.1261261261,0.937184068
32315,2014,40,254,53.8317,50.5290,2341,0.0614,1.9097744361,0.97445336
32315,2015,40,293,52.7753,45.3133,1613,0.1414,1.9664429530,0.97445336
32315,2014,41,201,51.7480,50.1919,1973,0.0301,2.0100000000,0.986961355
32315,2015,41,331,49.3218,39.3140,1672,0.2029,2.2671232877,0.986961355
32315,2015,42,261,49.9374,43.2061,1405,0.1348,1.9333333333,1.01369034
32315,2014,42,237,54.3238,52.0700,3144,0.0415,1.9750000000,1.01369034
32315,2015,43,326,52.9914,43.0017,1474,0.1885,1.9176470588,0.990486751
32315,2014,43,273,52.0810,44.7306,2624,0.1411,1.8322147651,0.990486751
32315,2015,44,241,55.1940,43.8886,1223,0.2048,2.1140350877,0.919617231
32315,2014,44,249,55.1293,50.7622,2352,0.0792,1.9302325581,0.919617231
32315,2014,45,220,55.4764,53.3805,1799,0.0378,1.7600000000,0.881896604
32315,2015,45,256,53.3500,44.7565,1447,0.1611,1.9692307692,0.881896604
32315,2015,46,272,55.6397,42.0095,1645,0.2450,1.8503401361,0.867246641
32315,2014,46,302,49.4647,43.3148,1745,0.1243,2.0268456376,0.867246641
32315,2015,47,251,59.1512,41.2676,1485,0.3023,1.8731343284,0.833913406
32315,2014,47,255,55.1853,50.3162,2247,0.0882,1.9465648855,0.833913406
32315,2014,48,273,58.7522,49.9478,1793,0.1499,1.8079470199,0.906268449
32315,2015,48,466,60.9015,39.9269,2345,0.3444,2.1085972851,0.906268449
32315,2014,49,273,55.1658,44.1374,1500,0.1999,1.9640287770,0.938374017
32315,2015,49,304,50.5645,35.9996,1551,0.2880,2.1560283688,0.938374017
32315,2014,50,417,54.3026,40.3392,2982,0.2571,1.9485981308,1.172170601
32315,2015,50,444,51.4943,33.1609,2216,0.3560,2.3743315508,1.172170601
32315,2014,51,527,53.1568,33.8945,3302,0.3624,1.8426573427,1.231977597
32315,2015,51,595,49.0398,27.8467,2401,0.4322,2.4586776860,1.231977597
32315,2014,52,248,58.0675,41.8512,2172,0.2793,1.4090909091,0.696678771
32315,2015,52,350,58.8709,31.4026,1672,0.4666,2.1212121212,0.696678771
34130,2016,1,165,68.3003,41.3810,719,0.3941,2.0625000000,0.731451465
34130,2014,1,254,78.3683,50.4235,1650,0.3566,1.9538461538,0.731451465
34130,2015,1,261,62.2103,40.2289,1257,0.3533,2.1393442623,0.731451465
34130,2016,2,565,67.8242,41.1338,2202,0.3935,2.3839662447,1.23636258
34130,2015,2,407,65.6403,44.0427,2091,0.3290,1.8669724771,1.23636258
34130,2014,2,396,77.6024,48.4464,1997,0.3757,2.0518134715,1.23636258
34130,2016,3,472,64.8547,34.6083,1605,0.4664,2.2369668246,1.240576238
34130,2015,3,394,63.9708,35.7172,1386,0.4417,2.3592814371,1.240576238
34130,2014,3,458,75.0549,37.6921,1719,0.4978,2.0446428571,1.240576238
34130,2014,4,621,73.6549,31.9054,2016,0.5668,2.3522727273,1.104529649
34130,2015,4,300,68.1837,37.7170,1154,0.4468,2.2727272727,1.104529649
34130,2016,4,391,68.2723,36.7645,1438,0.4615,2.1722222222,1.104529649
34130,2014,5,498,71.3964,31.0240,1611,0.5655,2.3055555556,0.89389394
34130,2016,5,348,67.1851,37.4395,1256,0.4427,2.0838323353,0.89389394
34130,2015,5,302,74.8022,35.5532,1179,0.5247,1.8993710692,0.89389394
34130,2016,6,308,63.6271,34.0277,1148,0.4652,1.9617834395,0.730983935
34130,2015,6,208,70.7510,37.6032,808,0.4685,1.7777777778,0.730983935
34130,2014,6,490,73.0447,27.1991,1266,0.6276,2.4019607843,0.730983935
34130,2014,7,386,70.8766,28.6386,1084,0.5959,2.4585987261,0.623638607
34130,2015,7,197,71.9703,35.8618,834,0.5017,2.0736842105,0.623638607
34130,2016,7,284,63.9537,34.3757,974,0.4625,2.1846153846,0.623638607
34130,2015,8,220,67.9318,40.0790,861,0.4100,1.8965517241,0.628252218
34130,2014,8,237,72.5458,33.7365,1018,0.5350,1.9112903226,0.628252218
34130,2016,8,290,62.6924,34.7265,935,0.4461,2.1804511278,0.628252218
34130,2014,9,277,73.7020,38.8546,953,0.4728,2.3474576271,0.81064522
34130,2015,9,227,70.5617,44.5401,770,0.3688,2.0267857143,0.81064522
34130,2016,9,298,64.4101,44.0257,914,0.3165,2.2238805970,0.81064522
34130,2016,10,226,64.0558,51.8211,706,0.1910,2.2600000000,0.876660062
34130,2014,10,233,71.1760,56.0387,889,0.2127,2.1574074074,0.876660062
34130,2015,10,136,62.9114,51.4762,599,0.1818,1.7662337662,0.876660062
34130,2016,11,168,62.5563,56.7011,687,0.0936,2.0240963855,0.964621327
34130,2014,11,200,66.9560,56.6077,749,0.1546,2.2222222222,0.964621327
34130,2015,11,181,65.8923,55.0916,553,0.1639,2.1547619048,0.964621327
34130,2016,12,177,65.1825,57.4723,734,0.1183,2.1071428571,1.083920066
34130,2014,12,299,69.4189,58.2449,1076,0.1610,2.3543307087,1.083920066
34130,2015,12,220,60.4970,54.1721,730,0.1046,2.0370370370,1.083920066
34130,2016,13,205,64.6000,56.8625,693,0.1198,2.1134020619,1.161959284
34130,2015,13,306,62.8565,52.3721,956,0.1668,2.2173913043,1.161959284
34130,2014,13,310,66.3540,56.4200,1116,0.1497,2.2627737226,1.161959284
34130,2016,14,288,65.0313,54.2116,870,0.1664,2.1021897810,1.099168202
34130,2015,14,196,64.6510,57.1184,749,0.1165,1.9797979798,1.099168202
34130,2014,14,194,68.8206,59.4329,986,0.1364,2.0638297872,1.099168202
34130,2015,15,214,61.0143,54.2853,1025,0.1103,1.7120000000,1.087605705
34130,2014,15,183,63.9918,62.2202,965,0.0277,1.8865979381,1.087605705
34130,2015,16,262,57.6044,50.7645,821,0.1187,1.8194444444,1.119960623
34130,2014,16,182,63.9585,59.7936,759,0.0651,2.2195121951,1.119960623
34130,2014,17,136,62.6015,62.0215,884,0.0093,1.7894736842,1.049189672
34130,2015,17,227,56.6883,45.6576,858,0.1946,2.0088495575,1.049189672
34130,2014,18,156,64.9285,63.5307,854,0.0215,1.8571428571,1.092614679
34130,2015,18,149,54.6054,48.8707,674,0.1050,1.9102564103,1.092614679
34130,2015,19,227,55.4330,51.8262,813,0.0651,2.1214953271,1.138118687
34130,2014,19,199,62.6447,56.9873,850,0.0903,2.2873563218,1.138118687
34130,2015,20,163,55.3141,50.5195,703,0.0867,2.0123456790,1.054305476
34130,2014,20,119,60.2941,57.2325,717,0.0508,1.8593750000,1.054305476
34130,2015,21,232,55.7810,49.6642,840,0.1097,2.2970297030,1.018192098
34130,2014,21,137,58.2263,55.8042,692,0.0416,1.9855072464,1.018192098
34130,2014,22,159,61.0679,58.4142,799,0.0435,2.0649350649,1.033421008
34130,2015,22,155,59.2119,55.0397,536,0.0705,2.1830985915,1.033421008
34130,2015,23,200,55.0750,51.6179,553,0.0628,2.2988505747,1.077683148
34130,2014,23,183,59.1068,56.3363,779,0.0469,2.2875000000,1.077683148
34130,2014,24,179,58.6087,54.3501,821,0.0727,2.0340909091,1.005744491
34130,2015,24,208,56.0156,47.4022,797,0.1538,1.8571428571,1.005744491
34130,2015,25,206,58.9876,45.4733,896,0.2291,1.8392857143,0.920191152
34130,2014,25,201,57.7358,50.4853,931,0.1256,2.0510204082,0.920191152
34130,2014,26,183,54.9388,44.7538,924,0.1854,1.9677419355,0.890677269
34130,2015,26,123,58.8276,48.6157,628,0.1736,1.8358208955,0.890677269
34130,2015,27,256,57.8980,42.6643,942,0.2631,2.0317460317,1.098580233
34130,2014,27,276,58.6875,44.1384,1201,0.2479,2.0751879699,1.098580233
34130,2015,28,450,56.5119,40.4813,1809,0.2837,1.9396551724,1.458613818
34130,2014,28,477,62.1943,43.2160,2190,0.3051,2.2083333333,1.458613818
34130,2014,29,382,61.4109,40.5882,1593,0.3391,2.2080924855,1.393513813
34130,2015,29,331,61.1847,42.8763,1498,0.2992,1.9356725146,1.393513813
34130,2015,30,369,64.1336,36.2133,1787,0.4353,1.9732620321,1.342105235
34130,2014,30,611,60.9227,34.9687,2818,0.4260,2.2546125461,1.342105235
34130,2015,31,487,65.4948,34.4187,1967,0.4745,2.0376569038,1.183440596
34130,2014,31,346,62.8504,35.0306,1687,0.4426,1.9548022599,1.183440596
34130,2014,32,401,62.3737,33.7822,1863,0.4584,2.2154696133,1.012173453
34130,2015,32,275,61.0773,32.0308,1219,0.4756,1.8707482993,1.012173453
34130,2015,33,401,65.3072,34.1532,1899,0.4770,2.0355329949,1.143795479
34130,2014,33,504,63.2938,30.1474,2301,0.5237,2.2702702703,1.143795479
34130,2015,34,379,65.7796,37.3875,2115,0.4316,2.0597826087,1.267235434
34130,2014,34,652,65.2597,25.0639,2854,0.6159,2.2560553633,1.267235434
34130,2015,35,365,62.0811,33.1418,1533,0.4662,1.9518716578,1.032525469
34130,2014,35,394,68.5396,31.1542,1953,0.5455,1.9126213592,1.032525469
34130,2015,36,273,65.0647,41.1656,989,0.3673,1.8698630137,0.915237037
34130,2014,36,391,67.6656,35.4910,2084,0.4755,1.9261083744,0.915237037
34130,2014,37,286,70.3437,41.2049,1413,0.4142,1.9861111111,0.913973163
34130,2015,37,172,65.0456,56.8810,879,0.1255,2.1234567901,0.913973163
34130,2015,38,187,64.6751,58.2779,832,0.0989,2.3375000000,1.049298833
34130,2014,38,229,64.2083,55.3774,1035,0.1375,2.1009174312,1.049298833
34130,2015,39,263,69.1548,63.9208,1031,0.0757,2.4351851852,1.132233576
34130,2014,39,237,64.7019,57.5159,983,0.1111,2.2358490566,1.132233576
34130,2014,40,175,63.9583,58.3125,776,0.0883,1.9662921348,1.075514301
34130,2015,40,245,68.8363,62.1251,995,0.0975,2.3786407767,1.075514301
34130,2015,41,162,77.2043,70.8396,684,0.0824,1.8000000000,0.97796283
34130,2014,41,168,64.5286,59.3332,629,0.0805,2.5074626866,0.97796283
34130,2015,42,192,72.8685,63.8158,730,0.1242,2.1573033708,0.925773172
34130,2014,42,121,65.8397,63.1397,502,0.0410,2.0508474576,0.925773172
34130,2014,43,201,67.8734,57.9080,831,0.1468,2.1157894737,0.891278126
34130,2015,43,137,77.6328,69.7782,627,0.1012,1.7125000000,0.891278126
34130,2015,44,185,69.3184,60.7321,679,0.1239,2.1264367816,0.895232177
34130,2014,44,160,74.7419,68.8864,630,0.0783,2.0779220779,0.895232177
34130,2014,45,151,64.6758,60.9225,583,0.0580,2.0972222222,0.852529206
34130,2015,45,135,71.9144,60.9464,585,0.1525,1.9014084507,0.852529206
34130,2014,46,160,70.8081,63.1953,681,0.1075,1.9277108434,0.820436859
34130,2014,47,148,67.8510,55.5156,750,0.1818,2.0845070423,0.77671755
34130,2014,48,163,74.3521,65.9615,644,0.1129,2.1168831169,0.765865331
34130,2014,49,164,75.3192,66.8482,735,0.1125,1.9759036145,0.856407873
34130,2015,49,122,64.6025,54.2104,408,0.1609,2.1785714286,0.856407873
34130,2014,50,378,77.0131,52.2769,1158,0.3212,2.1600000000,1.085272982
34130,2015,50,311,68.2346,53.6368,1192,0.2139,2.2700729927,1.085272982
34130,2014,51,366,68.0738,43.1465,1120,0.3662,2.0000000000,1.062362346
34130,2015,51,338,63.6870,44.5822,1252,0.3000,2.1125000000,1.062362346
34130,2015,52,309,63.8278,42.7838,990,0.3297,2.0463576159,0.713090653
34130,2014,52,216,72.7086,51.6953,963,0.2890,1.7704918033,0.713090653
35950,2016,1,74,46.3041,24.1253,355,0.4790,2.0000000000,0.917445512
35950,2015,1,357,62.0654,31.0018,2161,0.5005,1.5589519651,0.917445512
35950,2014,1,175,55.6629,37.6837,2077,0.3230,1.6826923077,0.917445512
35950,2016,2,587,50.3213,21.6570,3056,0.5696,1.7896341463,1.514826932
35950,2015,2,418,63.3556,31.6034,2940,0.5012,1.6456692913,1.514826932
35950,2014,2,212,54.7259,35.5746,2500,0.3500,1.5035460993,1.514826932
35950,2015,3,215,67.2574,34.3645,1562,0.4891,1.5467625899,1.221985416
35950,2016,3,263,55.5323,24.9501,1304,0.5507,1.7302631579,1.221985416
35950,2014,3,271,52.6059,27.5783,1850,0.4758,1.7483870968,1.221985416
35950,2014,4,300,50.0587,20.0414,1542,0.5996,1.9736842105,0.946908273
35950,2015,4,182,48.8234,25.8903,1094,0.4697,1.9569892473,0.946908273
35950,2016,4,223,59.3038,26.3890,1219,0.5550,1.6893939394,0.946908273
35950,2014,5,209,53.0892,25.3623,1312,0.5223,1.6076923077,0.793165786
35950,2015,5,94,51.6915,29.8501,549,0.4225,1.9583333333,0.793165786
35950,2016,5,237,56.8365,26.1982,1073,0.5391,2.0973451327,0.793165786
35950,2014,6,366,55.2352,19.3310,1320,0.6500,1.9677419355,0.853010733
35950,2016,6,217,54.5703,24.5199,1108,0.5507,1.9203539823,0.853010733
35950,2015,6,99,51.9763,35.4184,510,0.3186,2.3023255814,0.853010733
35950,2015,7,260,65.3287,25.4026,920,0.6112,1.9117647059,0.784467356
35950,2016,7,212,45.0295,17.1600,861,0.6189,2.0384615385,0.784467356
35950,2014,7,198,53.9543,23.4685,936,0.5650,1.8504672897,0.784467356
35950,2014,8,187,46.2759,27.9256,993,0.3965,1.8155339806,0.662752853
35950,2015,8,193,58.5539,26.7547,736,0.5431,1.7706422018,0.662752853
35950,2016,8,236,49.2481,20.5729,762,0.5823,1.8153846154,0.662752853
35950,2016,9,186,46.6997,20.6391,477,0.5580,1.7884615385,0.598275965
35950,2015,9,159,59.0142,31.4138,678,0.4677,1.6914893617,0.598275965
35950,2014,9,100,47.2085,33.8044,766,0.2839,1.6129032258,0.598275965
35950,2016,10,111,50.2770,28.4032,559,0.4351,1.9137931034,0.668327755
35950,2015,10,180,51.7906,34.9765,958,0.3247,1.7307692308,0.668327755
35950,2014,10,93,40.8220,36.3833,704,0.1087,1.8600000000,0.668327755
35950,2016,11,129,40.9643,32.1795,591,0.2145,2.3454545455,0.772840535
35950,2015,11,150,51.1057,38.5751,946,0.2452,1.8072289157,0.772840535
35950,2014,11,87,45.8247,42.0466,720,0.0824,1.5535714286,0.772840535
35950,2015,12,95,49.6126,45.2638,597,0.0877,1.7592592593,0.886711356
35950,2016,12,137,51.5872,46.4217,948,0.1001,1.7341772152,0.886711356
35950,2014,12,118,46.1081,45.5167,1054,0.0128,1.6164383562,0.886711356
35950,2016,13,144,50.1514,43.8112,833,0.1264,1.6941176471,0.931996817
35950,2015,13,119,50.5017,45.7528,748,0.0940,1.8030303030,0.931996817
35950,2014,13,102,44.5191,41.1689,664,0.0753,1.5937500000,0.931996817
35950,2014,14,120,46.2588,40.5583,1026,0.1232,1.5789473684,0.943528834
35950,2015,14,128,48.9195,43.5670,969,0.1094,1.7066666667,0.943528834
35950,2016,14,115,51.5591,45.4420,676,0.1186,1.6911764706,0.943528834
35950,2014,15,148,43.1605,41.4601,1052,0.0394,1.6263736264,1.040940479
35950,2015,15,136,45.3243,41.9554,966,0.0743,1.5813953488,1.040940479
35950,2015,16,264,44.5991,40.5837,1173,0.0900,2.0000000000,1.174578152
35950,2014,16,127,44.8685,43.5110,969,0.0303,1.9242424242,1.174578152
35950,2014,17,121,45.2640,43.7855,1107,0.0327,1.9206349206,1.064899887
35950,2015,17,215,45.9779,36.6295,1385,0.2033,1.8859649123,1.064899887
35950,2015,18,136,50.1335,44.6647,966,0.1091,1.7215189873,0.994476852
35950,2014,18,103,43.8403,39.4126,869,0.1010,1.6885245902,0.994476852
35950,2015,19,165,46.8470,43.6467,1184,0.0683,1.7187500000,1.180625976
35950,2014,19,161,38.7512,33.7952,1052,0.1279,1.7888888889,1.180625976
35950,2015,20,179,44.1296,39.7232,1100,0.0999,1.7900000000,1.216804891
35950,2014,20,148,37.1122,34.9797,1634,0.0575,1.5102040816,1.216804891
35950,2015,21,205,43.4512,35.0369,1093,0.1937,1.8981481481,1.178370342
35950,2014,21,174,35.2546,33.6734,1260,0.0449,1.7938144330,1.178370342
35950,2015,22,142,45.9123,41.4694,1047,0.0968,1.6511627907,1.097092503
35950,2014,22,144,40.3319,39.4876,1430,0.0209,1.6551724138,1.097092503
35950,2015,23,149,41.9111,38.9101,1009,0.0716,1.8395061728,1.072200703
35950,2014,23,125,42.4904,41.8572,1206,0.0149,1.7857142857,1.072200703
35950,2015,24,157,42.2054,34.1776,1060,0.1902,1.6185567010,1.05972032
35950,2014,24,196,37.2255,35.3233,1257,0.0511,1.7192982456,1.05972032
35950,2015,25,142,42.7176,33.5273,1122,0.2151,1.6321839080,1.009842956
35950,2014,25,160,40.2125,34.3631,1140,0.1455,1.6494845361,1.009842956
35950,2015,26,148,42.6334,35.6803,941,0.1631,1.8500000000,1.084662342
35950,2014,26,152,37.4632,30.8138,1312,0.1775,1.4476190476,1.084662342
35950,2015,27,298,46.7847,29.4613,1783,0.3703,2.3650793651,1.43458827
35950,2014,27,309,34.1765,25.6288,2234,0.2501,1.6793478261,1.43458827
35950,2014,28,412,39.3591,25.1012,3078,0.3623,1.5907335907,1.590350455
35950,2015,28,293,41.2913,28.9609,2184,0.2986,1.7757575758,1.590350455
35950,2014,29,341,40.9370,26.1248,2583,0.3618,1.8633879781,1.417384845
35950,2015,29,245,45.7386,29.1380,2319,0.3629,1.6780821918,1.417384845
35950,2015,30,271,40.6066,21.8670,2071,0.4615,1.7261146497,1.263877408
35950,2014,30,335,36.8591,20.9143,2280,0.4326,1.6502463054,1.263877408
35950,2015,31,252,45.2349,21.5160,1827,0.5244,1.5849056604,1.259551527
35950,2014,31,400,40.6153,18.8589,2361,0.5357,1.6528925620,1.259551527
35950,2014,32,404,39.1754,18.6098,1816,0.5250,1.9330143541,1.221583139
35950,2015,32,310,41.1700,19.7815,1811,0.5195,1.8235294118,1.221583139
35950,2015,33,183,40.6527,20.8049,897,0.4882,1.7941176471,0.896507456
35950,2014,33,179,42.6011,19.7881,1280,0.5355,1.6126126126,0.896507456
35950,2015,34,154,43.1172,22.0251,946,0.4892,1.8554216867,1.01433165
35950,2014,34,407,39.1995,15.4707,1989,0.6053,1.7929515419,1.01433165
35950,2015,35,275,42.4302,19.6456,1207,0.5370,1.8581081081,0.995199003
35950,2014,35,227,42.9905,20.5044,1384,0.5231,1.6449275362,0.995199003
35950,2014,36,183,42.9044,24.9374,1321,0.4188,1.5641025641,0.866179962
35950,2015,36,227,45.1927,23.0533,969,0.4899,1.9739130435,0.866179962
35950,2015,37,148,50.5949,35.3668,861,0.3010,1.7011494253,0.858980252
35950,2014,37,194,44.5459,36.3419,1300,0.1842,1.7321428571,0.858980252
35950,2015,38,55,49.0582,44.6633,498,0.0896,1.6176470588,0.850323017
35950,2014,38,166,46.5461,37.9152,854,0.1854,1.7849462366,0.850323017
35950,2014,39,230,42.7026,36.7010,1042,0.1405,2.0535714286,0.975012552
35950,2015,39,125,54.4816,51.3242,715,0.0580,1.7123287671,0.975012552
35950,2014,40,172,44.3102,41.5849,1021,0.0615,1.9111111111,0.977452499
35950,2015,40,98,52.2862,48.4422,691,0.0735,1.8846153846,0.977452499
35950,2014,41,157,46.5920,44.4625,855,0.0457,1.7444444444,0.940802394
35950,2015,41,120,54.4125,44.4155,695,0.1837,1.6216216216,0.940802394
35950,2015,42,143,50.9185,43.0469,785,0.1546,1.8333333333,0.976937743
35950,2014,42,179,46.2793,44.5103,981,0.0382,1.8842105263,0.976937743
35950,2015,43,139,49.2871,39.9740,615,0.1890,2.0144927536,0.975595342
35950,2014,43,232,49.4474,43.5734,1176,0.1188,2.0173913043,0.975595342
35950,2015,44,154,51.9240,40.7013,882,0.2161,2.2000000000,0.900661018
35950,2014,44,157,53.9118,48.3108,1107,0.1039,1.7252747253,0.900661018
35950,2014,45,132,53.8091,52.1408,804,0.0310,1.7837837838,0.865327234
35950,2015,45,118,45.6381,38.4009,679,0.1586,2.1071428571,0.865327234
35950,2015,46,187,53.0299,43.2109,1074,0.1852,2.1011235955,0.898918038
35950,2014,46,161,48.2565,40.8243,787,0.1540,1.8295454545,0.898918038
35950,2015,47,170,53.5512,40.3836,746,0.2459,2.0731707317,0.896087917
35950,2014,47,175,51.1254,41.6968,886,0.1844,2.0114942529,0.896087917
35950,2014,48,154,53.1282,43.5199,921,0.1809,1.7701149425,0.946956162
35950,2015,48,251,66.7717,44.9172,1293,0.3273,1.7801418440,0.946956162
35950,2015,49,182,57.2937,39.0715,1031,0.3180,2.1162790698,0.951613713
35950,2014,49,165,54.9430,45.2949,1059,0.1756,1.8750000000,0.951613713
35950,2014,50,254,57.9293,39.3938,1035,0.3200,1.8273381295,1.15473592
35950,2015,50,269,58.8790,34.1304,1456,0.4203,2.2991452991,1.15473592
35950,2014,51,372,51.1012,31.3510,1806,0.3865,1.9893048128,1.239318927
35950,2015,51,351,50.8400,28.1124,1886,0.4470,2.3245033113,1.239318927
35950,2014,52,163,57.3908,41.6496,932,0.2743,1.6979166667,0.727570613
35950,2015,52,196,54.9293,29.8270,1081,0.4570,2.2022471910,0.727570613
36163,2014,1,255,59.2767,37.5823,3389,0.3660,1.6346153846,0.606765009
36163,2016,1,439,51.2386,22.6065,2552,0.5588,1.9254385965,0.606765009
36163,2015,1,332,67.2688,40.4623,2939,0.3985,1.6195121951,0.606765009
36163,2015,2,374,63.9479,38.7859,4202,0.3935,1.5847457627,0.863748695
36163,2016,2,744,52.8632,26.8281,5106,0.4925,1.9682539683,0.863748695
36163,2014,2,299,62.4212,39.6178,3372,0.3653,1.7085714286,0.863748695
36163,2015,3,497,55.3755,29.5052,3563,0.4672,1.8072727273,0.885981536
36163,2014,3,436,58.1045,29.1850,3125,0.4977,1.7165354331,0.885981536
36163,2016,3,561,55.3848,28.6538,3110,0.4826,1.9278350515,0.885981536
36163,2014,4,517,53.4098,20.3646,2766,0.6187,1.8530465950,0.775348676
36163,2015,4,554,50.9620,23.1584,3030,0.5456,2.0000000000,0.775348676
36163,2016,4,537,60.3939,28.1618,3261,0.5337,1.8327645051,0.775348676
36163,2014,5,334,54.6151,23.0743,2148,0.5775,1.7956989247,0.640118308
36163,2016,5,512,57.5873,26.0698,2812,0.5473,1.9922178988,0.640118308
36163,2015,5,338,55.5623,28.1441,2256,0.4935,1.8074866310,0.640118308
36163,2014,6,517,53.6732,20.5638,2873,0.6169,2.0931174089,0.671567063
36163,2016,6,514,49.7971,23.5909,2564,0.5263,2.3257918552,0.671567063
36163,2015,6,331,53.2292,32.1766,2100,0.3955,1.9470588235,0.671567063
36163,2016,7,577,47.3619,20.5112,2505,0.5669,2.1610486891,0.600162966
36163,2015,7,386,56.8987,24.3481,2056,0.5721,1.8921568627,0.600162966
36163,2014,7,250,53.1114,26.8158,1927,0.4951,1.8115942029,0.600162966
36163,2015,8,378,56.0522,26.5510,2151,0.5263,1.8900000000,0.654741744
36163,2016,8,587,50.8007,23.4272,2926,0.5388,2.0102739726,0.654741744
36163,2014,8,250,50.3278,33.2711,1301,0.3389,2.1186440678,0.654741744
36163,2016,9,541,49.7494,28.3549,2803,0.4300,2.0415094340,0.743853835
36163,2014,9,212,49.3120,32.3424,1313,0.3441,1.8596491228,0.743853835
36163,2015,9,348,54.6062,35.0068,2181,0.3589,1.9333333333,0.743853835
36163,2014,10,217,51.7037,38.8731,1374,0.2482,1.9375000000,0.834671735
36163,2016,10,417,52.8463,34.8913,2077,0.3398,2.1606217617,0.834671735
36163,2015,10,407,52.8199,36.4360,2343,0.3102,2.0979381443,0.834671735
36163,2014,11,212,47.3417,40.2371,1348,0.1501,2.1200000000,0.969344579
36163,2016,11,516,52.6743,35.9381,2526,0.3177,2.1589958159,0.969344579
36163,2015,11,388,51.7017,40.8034,2298,0.2108,2.1436464088,0.969344579
36163,2015,12,344,52.0975,45.6162,2124,0.1244,2.0722891566,1.078593833
36163,2016,12,403,51.6732,43.5971,2321,0.1563,2.1902173913,1.078593833
36163,2014,12,231,49.2299,42.9912,1857,0.1267,1.9743589744,1.078593833
36163,2015,13,387,51.5851,44.7949,2705,0.1316,2.0261780105,1.150918063
36163,2016,13,545,51.5328,43.4180,2573,0.1575,2.4660633484,1.150918063
36163,2014,13,294,47.4612,41.9282,2145,0.1166,1.9600000000,1.150918063
36163,2014,14,315,50.4159,45.3356,2230,0.1008,2.1575342466,1.111456494
36163,2016,14,361,49.9562,42.7522,1436,0.1442,2.2422360248,1.111456494
36163,2015,14,396,52.0303,42.7015,2533,0.1793,1.8857142857,1.111456494
36163,2014,15,275,50.2282,47.8674,1669,0.0470,2.2000000000,1.121575331
36163,2015,15,328,49.7424,42.9875,2187,0.1358,1.7923497268,1.121575331
36163,2015,16,421,48.2109,42.2198,2407,0.1243,1.9136363636,1.156739632
36163,2014,16,228,51.6375,47.4231,1603,0.0816,1.9826086957,1.156739632
36163,2014,17,167,48.0928,44.4883,1446,0.0749,1.7765957447,1.128349002
36163,2015,17,398,50.3038,40.1058,2535,0.2027,2.0515463918,1.128349002
36163,2015,18,340,50.0909,45.6662,2235,0.0883,1.9101123596,1.132162305
36163,2014,18,239,46.8481,44.8285,1894,0.0431,1.9430894309,1.132162305
36163,2015,19,366,49.6475,44.0352,2135,0.1130,1.9468085106,1.121311738
36163,2014,19,283,39.7592,34.8738,1478,0.1229,2.1439393939,1.121311738
36163,2014,20,245,38.5949,36.4276,1709,0.0562,2.0588235294,1.125770438
36163,2015,20,342,46.2326,42.1584,2066,0.0881,2.0117647059,1.125770438
36163,2014,21,200,39.2578,38.7137,1352,0.0139,1.8867924528,1.059124704
36163,2015,21,332,46.2449,38.4271,1979,0.1691,1.9302325581,1.059124704
36163,2015,22,278,47.5255,42.4784,1975,0.1062,1.8410596026,1.044127948
36163,2014,22,240,42.0583,39.5456,1515,0.0597,2.0000000000,1.044127948
36163,2015,23,313,43.1046,37.8618,2003,0.1216,1.9810126582,1.032218579
36163,2014,23,240,43.6083,38.8795,1534,0.1084,1.9512195122,1.032218579
36163,2015,24,358,42.6744,34.8320,1869,0.1838,2.1696969697,0.986006108
36163,2014,24,239,38.8872,33.7233,1358,0.1328,2.2547169811,0.986006108
36163,2014,25,201,42.0445,34.9159,1262,0.1695,2.1157894737,0.880733112
36163,2015,25,334,45.8999,36.2111,1998,0.2111,1.9532163743,0.880733112
36163,2015,26,247,46.1870,38.8778,1347,0.1583,1.9919354839,0.999462682
36163,2014,26,370,35.9392,28.8503,1750,0.1972,2.1511627907,0.999462682
36163,2015,27,606,49.6730,32.8826,3026,0.3380,2.5145228216,1.241193571
36163,2014,27,407,35.9697,26.9692,2431,0.2502,1.8842592593,1.241193571
36163,2015,28,596,48.3664,32.6363,3115,0.3252,2.2661596958,1.354710391
36163,2014,28,619,42.1875,26.7695,4585,0.3655,1.8205882353,1.354710391
36163,2015,29,562,46.8941,29.1924,3198,0.3775,2.0071428571,1.321943085
36163,2014,29,379,44.5648,29.4421,2097,0.3393,1.7227272727,1.321943085
36163,2015,30,564,46.9243,24.4128,3214,0.4797,1.8371335505,1.355891427
36163,2014,30,607,35.5859,20.6625,0,0.4194,1.9967105263,1.355891427
36163,2015,31,713,42.1125,21.3335,3855,0.4934,1.9860724234,1.392992114
36163,2014,31,598,42.9837,19.7564,3093,0.5404,2.0340136054,1.392992114
36163,2014,32,691,39.2055,19.3703,4036,0.5059,2.0145772595,1.358156755
36163,2015,32,698,42.6249,23.0856,3938,0.4584,2.0773809524,1.358156755
36163,2015,33,540,43.8441,24.9108,3568,0.4318,1.8493150685,1.094428891
36163,2014,33,474,39.9387,22.8831,2918,0.4270,1.8443579767,1.094428891
36163,2015,34,463,43.6185,21.8287,2935,0.4996,1.9132231405,1.074165199
36163,2014,34,711,35.2250,15.7327,3780,0.5534,2.0084745763,1.074165199
36163,2015,35,502,43.8230,24.8684,2537,0.4325,2.0489795918,0.965701135
36163,2014,35,366,38.2290,23.6211,2537,0.3821,1.8208955224,0.965701135
36163,2015,36,413,46.4580,28.1604,2313,0.3939,1.9389671362,0.873145505
36163,2014,36,357,41.3891,28.5517,2084,0.3102,2.0169491525,0.873145505
36163,2015,37,313,51.3569,39.1403,1992,0.2379,1.9936305732,0.834270081
36163,2014,37,255,42.3090,31.1089,1589,0.2647,1.8750000000,0.834270081
36163,2015,38,277,49.1235,40.9962,1400,0.1654,2.2160000000,0.865084901
36163,2014,38,207,43.0911,39.2706,1202,0.0887,2.0495049505,0.865084901
36163,2014,39,190,49.4721,47.4092,1131,0.0417,2.0430107527,0.930948643
36163,2015,39,259,53.7284,47.4594,1357,0.1167,2.1056910569,0.930948643
36163,2014,40,260,53.2823,48.5702,1514,0.0884,2.1848739496,1.025569779
36163,2015,40,403,54.8218,45.3024,2090,0.1736,2.1783783784,1.025569779
36163,2015,41,390,57.1044,43.4176,2094,0.2397,2.0000000000,1.005908733
36163,2014,41,227,52.1941,49.3017,1366,0.0554,2.0267857143,1.005908733
36163,2015,42,216,55.8528,45.1628,1623,0.1914,1.7007874016,0.928908223
36163,2014,42,153,54.4562,50.0382,960,0.0811,1.8000000000,0.928908223
36163,2014,43,346,50.4152,43.2144,1540,0.1428,2.4027777778,1.0574181
36163,2015,43,325,59.6209,45.7937,1768,0.2319,1.8465909091,1.0574181
36163,2014,44,257,55.1938,51.4665,1698,0.0675,2.0396825397,1.118067263
36163,2015,44,488,57.1231,42.0424,2145,0.2640,1.9757085020,1.118067263
36163,2014,45,224,58.2069,54.7077,1428,0.0601,2.0363636364,0.961211021
36163,2015,45,264,59.0561,47.7289,1545,0.1918,1.9270072993,0.961211021
36163,2015,46,306,58.7087,39.0494,1542,0.3349,1.9741935484,0.910569897
36163,2014,46,307,56.3005,46.7103,1903,0.1703,2.0065359477,0.910569897
36163,2015,47,417,53.6663,35.7599,2146,0.3337,2.1384615385,0.894191631
36163,2014,47,237,57.1160,47.4021,1747,0.1701,1.9750000000,0.894191631
36163,2014,48,235,58.5517,47.3743,1458,0.1909,1.9262295082,0.929856749
36163,2015,48,512,62.5843,41.4091,2900,0.3383,2.0237154150,0.929856749
36163,2015,49,346,56.2033,40.2247,2381,0.2843,1.8907103825,1.043318736
36163,2014,49,330,57.0380,45.5297,1913,0.2018,2.1428571429,1.043318736
36163,2014,50,506,60.1167,40.0021,3034,0.3346,2.0995850622,1.369968231
36163,2015,50,855,56.6231,32.8718,3991,0.4195,2.5370919881,1.369968231
36163,2014,51,537,57.0431,35.7263,3526,0.3737,1.9527272727,1.507308911
36163,2015,51,897,57.8980,29.9834,4055,0.4821,2.7181818182,1.507308911
36163,2014,52,382,58.4440,41.5373,3291,0.2893,1.7442922374,1.082975067
36163,2015,52,758,57.1332,29.1057,4334,0.4906,2.4852459016,1.082975067
40834,2015,1,455,65.3784,39.1984,3313,0.4004,1.7366412214,0.71684399
40834,2014,1,471,59.0359,39.3500,3640,0.3335,1.7977099237,0.71684399
40834,2016,1,352,55.5259,24.4514,2290,0.5596,1.8526315789,0.71684399
40834,2015,2,636,60.4438,36.4074,4969,0.3977,1.7377049180,1.133739328
40834,2016,2,675,52.7609,24.2728,5148,0.5399,1.7810026385,1.133739328
40834,2014,2,523,59.4452,38.7568,4392,0.3480,1.8949275362,1.133739328
40834,2014,3,738,61.7844,31.0721,3483,0.4971,1.9472295515,1.202562885
40834,2015,3,603,58.3833,31.0791,3281,0.4677,1.8108108108,1.202562885
40834,2016,3,478,56.8173,28.0544,3339,0.5062,1.8455598456,1.202562885
40834,2016,4,522,61.1275,28.0921,2959,0.5404,1.9923664122,1.18165683
40834,2015,4,672,52.3046,23.9134,3034,0.5428,2.1065830721,1.18165683
40834,2014,4,858,61.0832,25.6507,3765,0.5801,1.8940397351,1.18165683
40834,2015,5,509,53.6069,25.4861,2585,0.5246,2.1120331950,1.034008016
40834,2014,5,772,56.9347,24.6233,3165,0.5675,2.0369393140,1.034008016
40834,2016,5,502,56.4860,26.0191,2421,0.5394,1.9686274510,1.034008016
40834,2015,6,350,55.4110,29.3532,2245,0.4703,1.9337016575,0.97454335
40834,2016,6,435,49.1382,23.2439,2049,0.5270,2.2538860104,0.97454335
40834,2014,6,916,57.6976,21.7991,3262,0.6222,2.1351981352,0.97454335
40834,2014,7,507,56.2060,27.0448,2547,0.5188,1.9204545455,0.841295971
40834,2015,7,585,61.4533,25.1763,2291,0.5903,1.9696969697,0.841295971
40834,2016,7,617,48.0807,21.5494,2661,0.5518,2.2194244604,0.841295971
40834,2016,8,383,53.6405,24.6204,2191,0.5410,1.8682926829,0.654285969
40834,2015,8,403,54.2063,28.5377,2277,0.4735,1.8401826484,0.654285969
40834,2014,8,365,55.1718,31.5483,2236,0.4282,1.9518716578,0.654285969
40834,2014,9,297,45.9167,33.3065,1686,0.2746,1.9668874172,0.691553546
40834,2015,9,282,52.8298,32.8644,1822,0.3779,1.8076923077,0.691553546
40834,2016,9,468,53.8279,29.6716,2076,0.4488,2.2500000000,0.691553546
40834,2015,10,371,52.0309,36.4825,1944,0.2988,1.8457711443,0.818442382
40834,2014,10,277,43.0211,33.0068,1667,0.2328,1.9645390071,0.818442382
40834,2016,10,350,52.4884,30.5911,1856,0.4172,2.0231213873,0.818442382
40834,2016,11,407,51.3661,35.0418,1761,0.3178,2.1197916667,0.927338562
40834,2014,11,305,42.4787,36.0472,1730,0.1514,2.2761194030,0.927338562
40834,2015,11,311,48.0008,36.9902,1796,0.2294,1.9683544304,0.927338562
40834,2014,12,343,45.0175,40.4072,2006,0.1024,2.1304347826,1.037166098
40834,2016,12,271,48.5622,38.3303,1535,0.2107,2.0074074074,1.037166098
40834,2015,12,328,49.9973,43.0564,1745,0.1388,2.1025641026,1.037166098
40834,2014,13,502,43.2152,37.3153,2270,0.1365,2.0489795918,1.19733893
40834,2016,13,342,50.1579,43.7927,1598,0.1269,1.9655172414,1.19733893
40834,2015,13,397,51.1607,42.5844,1880,0.1676,2.1344086022,1.19733893
40834,2016,14,323,48.4511,42.2161,1295,0.1287,1.9341317365,1.202730785
40834,2015,14,386,49.9883,41.5719,1878,0.1684,1.9014778325,1.202730785
40834,2014,14,414,45.7385,41.0637,2363,0.1022,2.1562500000,1.202730785
40834,2015,15,390,47.4118,40.8233,2470,0.1390,1.7647058824,1.106331194
40834,2014,15,302,48.1864,44.8808,1852,0.0686,2.3230769231,1.106331194
40834,2015,16,475,47.6779,42.0055,2253,0.1190,1.7790262172,1.109523563
40834,2014,16,262,49.2700,44.7119,1550,0.0925,2.0310077519,1.109523563
40834,2015,17,460,49.1715,41.0182,2480,0.1658,2.0814479638,1.123206232
40834,2014,17,344,46.9538,44.4217,2659,0.0539,2.0722891566,1.123206232
40834,2015,18,293,48.3476,43.0968,2060,0.1086,1.8662420382,1.069542236
40834,2014,18,235,46.1781,44.1926,2238,0.0430,1.6666666667,1.069542236
40834,2014,19,423,38.2657,33.2473,2161,0.1311,1.9859154930,1.141575335
40834,2015,19,317,45.1036,41.8137,2064,0.0729,1.6861702128,1.141575335
40834,2015,20,341,43.8032,39.0165,1953,0.1093,2.0920245399,1.096984355
40834,2014,20,275,37.0918,34.3556,1545,0.0738,1.9366197183,1.096984355
40834,2014,21,292,40.2103,38.9299,1984,0.0318,1.9729729730,1.051759566
40834,2015,21,382,45.6514,37.3853,1894,0.1811,1.9589743590,1.051759566
40834,2015,22,315,42.3463,36.8541,1941,0.1297,1.7500000000,0.976318752
40834,2014,22,291,39.8847,35.3387,1914,0.1140,2.0935251799,0.976318752
40834,2014,23,342,37.3506,28.9378,2089,0.2252,1.9431818182,0.940936606
40834,2015,23,335,38.6940,30.8546,1893,0.2026,1.8306010929,0.940936606
40834,2014,24,315,36.1881,32.4954,1695,0.1020,2.1140939597,0.978767218
40834,2015,24,421,42.1524,34.7356,2007,0.1760,1.9400921659,0.978767218
40834,2014,25,346,33.3084,27.6932,1945,0.1686,2.0352941176,0.950397655
40834,2015,25,354,44.3332,36.2992,2208,0.1812,1.8437500000,0.950397655
40834,2014,26,416,31.4788,25.5773,2152,0.1875,2.0000000000,1.021881122
40834,2015,26,311,45.1826,39.4363,1808,0.1272,1.9437500000,1.021881122
40834,2015,27,588,46.0754,29.1789,3121,0.3667,2.3520000000,1.204760531
40834,2014,27,561,34.4865,26.3834,3555,0.2350,1.9753521127,1.204760531
40834,2015,28,597,44.4224,30.3828,4070,0.3160,2.1021126761,1.333011919
40834,2014,28,760,40.0039,25.3800,3524,0.3656,1.9289340102,1.333011919
40834,2015,29,561,46.0471,28.8342,3893,0.3738,1.9479166667,1.309116662
40834,2014,29,479,42.1755,27.6256,3323,0.3450,1.7230215827,1.309116662
40834,2014,30,796,36.5382,20.2991,4028,0.4444,2.0675324675,1.367899686
40834,2015,30,611,47.1011,24.5438,3935,0.4789,1.9213836478,1.367899686
40834,2015,31,720,46.4308,23.1599,3655,0.5012,1.9944598338,1.373705239
40834,2014,31,933,40.4680,18.1703,3862,0.5510,2.0415754923,1.373705239
40834,2014,32,711,39.9741,18.1954,3221,0.5448,1.8372093023,1.194511235
40834,2015,32,629,46.0845,23.0600,3943,0.4996,1.8074712644,1.194511235
40834,2014,33,496,41.8809,21.0009,3233,0.4986,1.8168498168,0.994331721
40834,2015,33,511,45.1389,23.7075,3390,0.4748,1.7380952381,0.994331721
40834,2014,34,878,39.6069,16.6254,3968,0.5802,1.9424778761,1.074806428
40834,2015,34,585,46.8930,22.9344,2820,0.5109,2.0383275261,1.074806428
40834,2015,35,547,47.6921,23.4012,2425,0.5093,2.0957854406,0.902536284
40834,2014,35,563,41.2529,19.5851,2786,0.5252,1.9964539007,0.902536284
40834,2015,36,352,46.3770,27.6641,1966,0.4035,1.8526315789,0.767509374
40834,2014,36,470,41.8415,26.8988,2576,0.3571,1.9583333333,0.767509374
40834,2015,37,332,48.9048,40.0164,1680,0.1818,2.0000000000,0.782407925
40834,2014,37,316,43.9459,33.8235,1638,0.2303,2.0256410256,0.782407925
40834,2015,38,218,48.8092,44.8221,1260,0.0817,2.0185185185,0.774990262
40834,2014,38,184,42.1293,36.3224,986,0.1378,2.1647058824,0.774990262
40834,2015,39,275,47.4378,44.1362,1482,0.0696,2.1484375000,0.844196125
40834,2014,39,184,46.3478,43.4551,1277,0.0624,1.7692307692,0.844196125
40834,2015,40,343,49.0873,42.7631,1723,0.1288,1.9826589595,0.940168799
40834,2014,40,258,47.5269,43.4403,1708,0.0860,1.9694656489,0.940168799
40834,2015,41,314,48.1881,38.8569,1533,0.1936,2.0258064516,0.922663957
40834,2014,41,210,46.9743,44.8822,1201,0.0445,1.9090909091,0.922663957
40834,2015,42,240,55.3667,49.0041,1455,0.1149,1.8045112782,0.912662016
40834,2014,42,250,47.5898,46.0370,1357,0.0326,1.8656716418,0.912662016
40834,2014,43,399,47.6663,39.4455,1774,0.1725,2.1336898396,0.943082439
40834,2015,43,371,56.6127,43.7532,1618,0.2271,2.0163043478,0.943082439
40834,2014,44,328,49.6677,44.1950,1759,0.1102,2.1298701299,0.919327842
40834,2015,44,343,52.8555,36.9592,1502,0.3008,2.0295857988,0.919327842
40834,2015,45,316,45.9134,37.0092,1588,0.1939,2.0519480519,0.89411305
40834,2014,45,277,53.8047,50.7482,1725,0.0568,2.1640625000,0.89411305
40834,2015,46,329,51.4608,35.4637,1562,0.3109,1.9819277108,0.845194739
40834,2014,46,375,51.5587,42.5951,1805,0.1739,2.1802325581,0.845194739
40834,2015,47,307,57.7218,40.1911,1577,0.3037,1.7848837209,0.798531907
40834,2014,47,294,55.9570,45.8703,2031,0.1803,2.1459854015,0.798531907
40834,2015,48,403,61.6687,41.8615,2651,0.3212,1.8831775701,0.809549161
40834,2014,48,319,53.6147,43.2170,1655,0.1939,2.0714285714,0.809549161
40834,2014,49,437,51.3932,39.6380,2254,0.2287,2.2410256410,0.890042886
40834,2015,49,352,54.8294,36.9795,1862,0.3256,2.1463414634,0.890042886
40834,2015,50,619,53.5485,31.4076,2813,0.4135,2.6228813559,1.081594364
40834,2014,50,580,53.4589,34.9047,2932,0.3471,1.9727891156,1.081594364
40834,2015,51,742,53.8445,28.8474,3280,0.4642,2.6500000000,1.238122127
40834,2014,51,696,54.9040,34.2130,3279,0.3769,2.0410557185,1.238122127
40834,2015,52,732,57.0097,29.9392,4548,0.4748,2.2523076923,0.942962047
40834,2014,52,439,56.9000,41.6898,4092,0.2673,1.5791366906,0.942962047
32315,2015,53,391,59.5368,31.1949,1708,0.4760,1.9073170732,NULL
32315,2014,53,98,57.2643,37.9013,991,0.3381,1.3802816901,NULL
34130,2014,53,146,73.1219,50.3536,584,0.3114,1.8961038961,NULL
34130,2015,53,185,61.8754,41.4368,707,0.3303,2.1022727273,NULL
35950,2014,53,120,56.2292,29.7087,484,0.4717,1.8750000000,NULL
35950,2015,53,163,53.0644,26.5828,708,0.4990,2.1447368421,NULL
32027,2015,53,255,66.0975,32.0376,0,0.5153,1.6666666667,NULL
32027,2014,53,128,64.9676,43.9690,590,0.3232,2.2068965517,NULL
30104,2014,53,131,61.8038,39.5100,604,0.3607,1.7466666667,NULL
30104,2015,53,290,57.3497,26.1271,1377,0.5444,1.8709677419,NULL
32073,2014,53,76,67.0625,45.8959,369,0.3156,1.8536585366,NULL
32073,2015,53,144,58.1628,38.5910,411,0.3365,2.1492537313,NULL
30793,2015,53,199,54.9188,29.8039,2339,0.4573,1.6722689076,NULL
30793,2014,53,144,63.4844,42.8944,982,0.3243,1.6363636364,NULL
40834,2014,53,217,58.6866,38.4411,1640,0.3450,1.5500000000,NULL
40834,2015,53,543,58.0022,26.1593,2374,0.5490,2.1377952756,NULL
36163,2014,53,154,61.6253,39.8440,1236,0.3534,1.5876288660,NULL
36163,2015,53,568,56.2739,25.8769,2659,0.5402,2.2450592885,NULL
